Workbook
Name Interventions: ='07_Domains'!$A$3:$A$37
Name Donors: ='07_Domains'!$B$3:$B$31
Name Projects: ='07_Domains'!$C$3:$C$26
Name Regions: ='07_Domains'!$D$3:$D$31
Name Statuses: ='07_Domains'!$E$3:$E$36
Name All_Provinces: ='07_Domains'!$F$3:$F$57
Name All_Districts: ='07_Domains'!$G$3:$G$371
Name AwardGroups: ='07_Domains'!$H$3:$H$25
Name Families: ='07_Domains'!$I$3:$I$28
Name Contractors: ='07_Domains'!$J$3:$J$136

Sheet 00_How_to_Use
B1: Construction Works Scheme Tracker
B2: Emergency Food Security Project (EFSP) · Component 2: Water and Resilience Services · WBK/AF-2 · How to use and how to add or remove columns and domains
B5: What this workbook does
B6: Purpose | C6: Track every construction scheme from design through handover. Each scheme is one row. Each pipeline step has its own date. Excel then calculates how many days it took to move from one step to the next, how long the scheme has sat in the current step, and the total days from the first date to the last.
B7: Sheets | C7: 01_Scheme_Tracker is the working register (one row per sub-project). 02_Dashboard summarises counts and average durations. 03_Package_Summary rolls every contract package to one row (Package #8 and #10 sit here as single packages). 10_By_Contractor lists each company once, with how many unique contracts it holds (Zahid Saeed / ZSCC is one awarded contract covering four canals). 11_Package_Status counts unique packages in each pipeline step and shows how each status is shared across Watershed Management, Irrigation Scheme, Drip Irrigation, LLL, and Agroforestry. 04_Date_Rules explains how each date is used and how schedule health is coloured. 05_Example_Filled shows two worked examples so you can see the day-count formulas. 06_Status_Pipeline is the ordered list of steps. 07_Domains holds dropdown lists (major intervention, sub-type, donor, project, region, Awarded / Not awarded). 08_Geography holds province and district lists. 09_Lookups maps region/province names to those lists.
B9: Daily use
B10: Add a scheme | C10: Go to 01_Scheme_Tracker and type in the next empty row. Choose Major intervention first (Watershed Management, Irrigation Scheme, Drip Irrigation, Agroforestry saplings / seeds, or Laser Land Leveler), then Intervention sub-type (protection wall, irrigation canal, check dam, and so on). Dropdowns are also attached for Project, Region, Province, District, Donor, Awarded / Not awarded, and Reported Status. | D10: 01_Scheme_Tracker
B11: Packages that cover several sites | C11: One Package / Contract Name can cover several canals or check dams in different districts. Keep one row per sub-project (location) so province, district, village, and progress stay honest. Give every row of that contract the same Package ID and the same Package / Contract Name. Sub-project in package shows 1 of 4, 2 of 4, … Example: Package #8-AF2 IS (Khas Kunar Lower canal + Bahrabad canal) is two rows, one Package ID. Package #10-AF2 IS (Baraki, Darbal, Nawikhar, Mangali) is four rows, one Package ID. On the tracker, extra rows of the same package are grouped — use the outline +/- at the left margin to collapse them. 03_Package_Summary lists each package once. | D11: 01_Scheme_Tracker / 03_Package_Summary
B12: Find contracts awarded to one company | C12: The contractor name is repeated on every sub-project of that contract. Filtering Contractor Name on 01_Scheme_Tracker for 'Zahid Saeed Engineering and Construction Company (ZSCC)' shows four rows — those are four canals on the same Package #10 contract (057/2025), not four contracts. To see unique contracts: open 10_By_Contractor and filter the company (ZSCC = 1 awarded contract, 4 sub-projects), or open 03_Package_Summary and filter Contractor Name. Count Package IDs / Contract Numbers, not the number of tracker rows. | D12: 10_By_Contractor / 03_Package_Summary
B13: How many packages are in each status | C13: 02_Dashboard counts sub-projects. That overstates a step when one contract has many sites (50 LLL units and 39 agroforestry rows are each one package still Under Awarding). Open 11_Package_Status for unique-package counts: Under Design, Under Review of WRI, Under LTO Review, PR to be Raised, ITB Launched, Retendered, Technical Evaluation, Under Awarding, Awarded, Under Construction, Completed. A package takes the least-advanced status of its unfinished sites. It is Completed only when every sub-project is completed. Filter Package status on 03_Package_Summary to list them. | D13: 11_Package_Status
B14: Enter status dates | C14: When a scheme reaches a step, type that day's date in the matching 'Date:' column (for example Date: Under Design, Date: ITB Launched). Use a real date, not text. Current Status then switches automatically to the latest dated step. If no dates are entered yet, Current Status falls back to Reported Status. | D14: Section 4 of the tracker
B15: Awarded date and contract duration | C15: Type the contract-signature (or notice of award) date in the Date: Awarded column in section 4. The Awarded Date field in section 2 copies it automatically. Contract Duration (months) is the period in the contract. Planned End Date is calculated with EDATE(Awarded Date, duration). Physical Works Progress % is 0–100. Contractor Name and Contract Number are free text. | D15: Sections 2 and 4 of the tracker
B16: Reading the day counts | C16: Each 'Days … → …' column is the number of days from the previous filled date to this step's date. If a step is skipped, the count still uses the last previous date that was filled. 'Days in current status' is TODAY minus the latest status date (this number changes every day). 'Total days first → last step' is last filled date minus first filled date. 'Days over target this step' is days in current status minus the target days set on 06_Status_Pipeline (blank if there is no target). | D16: Sections 3 and 5
B17: Schedule health colours | C17: Schedule health is calculated from planned dates and TODAY() — it changes every calendar day. GREEN — On track, or completed. AMBER — At risk / close to off track: the planned award or contract end is within 30 days. RED — Behind: today is after the expected award date (Not awarded) or after the contract end date (Awarded), or physical progress is more than 15 percentage points behind the share of the contract period that has already elapsed. 'Days vs planned date' is days remaining (positive) or days overdue (negative). Full rules, including which date each condition uses, are on 04_Date_Rules. | D17: 04_Date_Rules
B18: What a status date means | C18: Type the calendar day the scheme reached that step (the day the step started or was achieved), not a forecast. Leave later steps blank until they happen. Current Status is the latest dated step. If no dates are entered yet, Current Status uses Reported Status. Awarded Date copies Date: Awarded. Planned End Date uses the contract end if you typed one, otherwise EDATE(Awarded Date, duration months). Not awarded rows are judged against Expected award date (and, if that is blank, the expected end). Awarded rows are judged against the planned / contract end and against physical progress over elapsed time. | D18: 04_Date_Rules
B20: Add or remove domains (dropdown values)
B21: Add an intervention type, donor, project, or region | C21: Open 07_Domains. Type the new value in the first empty cell at the bottom of that column. Do not leave a blank row in the middle of the list. The dropdowns expand automatically (named ranges use COUNTA). You do not need to re-run the generator for this. | D21: 07_Domains
B22: Remove a domain value | C22: Delete the cell on 07_Domains (or 08_Geography). Existing scheme rows that already use that value keep showing it; new rows will no longer offer it in the dropdown. | D22: 07_Domains / 08_Geography
B23: Add a province | C23: 1) On 08_Geography, under the correct region code column in the province block, type the province name. 2) Add a new district column for that province in the district block (copy an adjacent column). 3) On 09_Lookups, add a row: Province name | Dist_<Province> named range. 4) Define the named range Dist_<Province> (Formulas → Name Manager) pointing at the district cells. The reliable alternative is to add the province in tracker_config.py GEOGRAPHY and run generate_tracker.py. | D23: 08_Geography + 09_Lookups
B24: Add a district | C24: On 08_Geography find the province column in the district block and type the district in the next empty cell. The Dist_ named range grows automatically. No other change is required. | D24: 08_Geography
B26: Add or remove status steps (the tracking pipeline)
B27: Add a step at the end (no script) | C27: Open 06_Status_Pipeline. Spare slots are already reserved at the bottom. Type the new status name, a short name, a description, and optional target days in the first spare row. The matching Date column header on 01_Scheme_Tracker updates itself. Start entering dates in that column. Duration headers also pick up the new name. | D27: 06_Status_Pipeline spare slots
B28: Add a step in the middle, or remove a step | C28: Changing order affects rows that already have dates, because dates sit in fixed columns. Preferred method: edit STATUS_PIPELINE in tracker_config.py (add, remove, or reorder dicts) and run python3 generate_tracker.py. That rebuilds date columns, duration formulas, dropdowns, and the dashboard. Copy any dates you already typed into a backup first — regenerating replaces the workbook file. | D28: tracker_config.py
B29: Hide a column you do not need | C29: On 01_Scheme_Tracker, select the column → right-click → Hide. Do not delete formula columns (sections 3 and 5) or the tracker will break. Hidden columns can be unhidden later. | D29: 01_Scheme_Tracker
B30: Add an extra data column (GPS, engineer, photo link, …) | C30: Insert a column inside section 1 (identity) or section 2 (contract), not inside the date or duration blocks. Give it a header in row 3. Filters will include it after you re-apply AutoFilter if needed. To make it permanent in future rebuilds, append a tuple to IDENTITY_COLUMNS or CONTRACT_COLUMNS in tracker_config.py. | D30: 01_Scheme_Tracker / tracker_config.py
B32: Rules that keep the numbers honest
B33: Dates must move forward | C33: A later step should not have an earlier date than a previous step. Negative day-counts mean the dates need checking.
B34: One row = one sub-project; one Package ID = one contract | C34: If a package has three check dams or four canals, use three or four rows. Do not merge those rows — AutoFilter and sort would break. Repeat the Package / Contract Name and Package ID on every row. Cost may be per sub-project (as in the master file) or only on the first row. | D34: 03_Package_Summary
B35: Grey cells are formulas | C35: Do not type over Current Status, Planned End Date, day-count columns, or helper columns. White cells are inputs.
B36: DEMO rows | C36: 05_Example_Filled is for learning. Do not copy those dates into official reports. | D36: 05_Example_Filled
B38: Status pipeline (default)
B39: Step | C39: Status | D39: What it means | E39: Target days
B40: 1 | C40: Under Design | D40: Detailed design, surveys, and drawings are being prepared. | E40: 30
B41: 2 | C41: Under Review of WRI | D41: Water Resources / WRI is reviewing the design package. | E41: 14
B42: 3 | C42: Under LTO Review | D42: Legal / LTO clearance of the package. | E42: 10
B43: 4 | C43: PR to be Raised | D43: Purchase request / procurement request still to be raised. | E43: 10
B44: 5 | C44: ITB Launched | D44: Invitation to Bid has been issued. | E44: 21
B45: 6 | C45: Retendered (Re-ITB) | D45: Previous bid failed or was cancelled; invitation re-issued. | E45: 21
B46: 7 | C46: Under Technical Evaluation | D46: Bids are under technical evaluation. | E46: 14
B47: 8 | C47: Under Awarding | D47: Award recommendation, negotiations, and approval. | E47: 14
B48: 9 | C48: Awarded | D48: Contract signed / notice of award issued. | E48: —
B49: 10 | C49: Under Construction | D49: Contractor is mobilised and physical works are ongoing. | E49: 150
B50: 11 | C50: Completed / Handover | D50: Works completed and handed over. | E50: —

Sheet 01_Scheme_Tracker
A1: Construction Works Scheme Tracker · live register — type dates in section 4
A2: 1. Scheme identity | Q2: 2. Contract and physical progress | AC2: 3. Live status and schedule health (calculated) | AI2: 4. Status dates — enter the date each step was reached | AW2: 5. Days between steps (calculated)
A3: SN | B3: Package ID | C3: Package / Contract Name | D3: Sub-project in package | E3: Scheme ID | F3: Sub-project / scheme name | G3: Major intervention | H3: Intervention sub-type | I3: Project Name | J3: Region | K3: Province | L3: District | M3: Village | N3: Donor | O3: Awarded / Not awarded | P3: Source sheet | Q3: Contractor Name | R3: Contract Number | S3: Contract Cost (USD) | T3: Awarded Date | U3: Expected award date | V3: Contract Duration (months) | W3: Contract / expected end date | X3: Planned End Date | Y3: Actual completion date | Z3: Physical Works Progress % | AA3: Reported Status | AB3: Remarks | AC3: Current Status (auto) | AD3: Days in current status | AE3: Total days first → last step | AF3: Days over target this step | AG3: Schedule health | AH3: Days vs planned date | AI3: IF('06_Status_Pipeline'!B3="","(spare slot 1)","Date: "&'06_Status_Pipeline'!B3) | AJ3: IF('06_Status_Pipeline'!B4="","(spare slot 2)","Date: "&'06_Status_Pipeline'!B4) | AK3: IF('06_Status_Pipeline'!B5="","(spare slot 3)","Date: "&'06_Status_Pipeline'!B5) | AL3: IF('06_Status_Pipeline'!B6="","(spare slot 4)","Date: "&'06_Status_Pipeline'!B6) | AM3: IF('06_Status_Pipeline'!B7="","(spare slot 5)","Date: "&'06_Status_Pipeline'!B7) | AN3: IF('06_Status_Pipeline'!B8="","(spare slot 6)","Date: "&'06_Status_Pipeline'!B8) | AO3: IF('06_Status_Pipeline'!B9="","(spare slot 7)","Date: "&'06_Status_Pipeline'!B9) | AP3: IF('06_Status_Pipeline'!B10="","(spare slot 8)","Date: "&'06_Status_Pipeline'!B10) | AQ3: IF('06_Status_Pipeline'!B11="","(spare slot 9)","Date: "&'06_Status_Pipeline'!B11) | AR3: IF('06_Status_Pipeline'!B12="","(spare slot 10)","Date: "&'06_Status_Pipeline'!B12) | AS3: IF('06_Status_Pipeline'!B13="","(spare slot 11)","Date: "&'06_Status_Pipeline'!B13) | AT3: IF('06_Status_Pipeline'!B14="","(spare slot 12)","Date: "&'06_Status_Pipeline'!B14) | AU3: IF('06_Status_Pipeline'!B15="","(spare slot 13)","Date: "&'06_Status_Pipeline'!B15) | AV3: IF('06_Status_Pipeline'!B16="","(spare slot 14)","Date: "&'06_Status_Pipeline'!B16) | AW3: IF(AND('06_Status_Pipeline'!B3="",'06_Status_Pipeline'!B4=""),"(spare)","Days: "&IF('06_Status_Pipeline'!B3="","(prev)",'06_Status_Pipeline'!B3)&" → "&IF('06_Status_Pipeline'!B4="","(next)",'06_Status_Pipeline'!B4)) | AX3: IF(AND('06_Status_Pipeline'!B4="",'06_Status_Pipeline'!B5=""),"(spare)","Days: "&IF('06_Status_Pipeline'!B4="","(prev)",'06_Status_Pipeline'!B4)&" → "&IF('06_Status_Pipeline'!B5="","(next)",'06_Status_Pipeline'!B5)) | AY3: IF(AND('06_Status_Pipeline'!B5="",'06_Status_Pipeline'!B6=""),"(spare)","Days: "&IF('06_Status_Pipeline'!B5="","(prev)",'06_Status_Pipeline'!B5)&" → "&IF('06_Status_Pipeline'!B6="","(next)",'06_Status_Pipeline'!B6)) | AZ3: IF(AND('06_Status_Pipeline'!B6="",'06_Status_Pipeline'!B7=""),"(spare)","Days: "&IF('06_Status_Pipeline'!B6="","(prev)",'06_Status_Pipeline'!B6)&" → "&IF('06_Status_Pipeline'!B7="","(next)",'06_Status_Pipeline'!B7)) | BA3: IF(AND('06_Status_Pipeline'!B7="",'06_Status_Pipeline'!B8=""),"(spare)","Days: "&IF('06_Status_Pipeline'!B7="","(prev)",'06_Status_Pipeline'!B7)&" → "&IF('06_Status_Pipeline'!B8="","(next)",'06_Status_Pipeline'!B8)) | BB3: IF(AND('06_Status_Pipeline'!B8="",'06_Status_Pipeline'!B9=""),"(spare)","Days: "&IF('06_Status_Pipeline'!B8="","(prev)",'06_Status_Pipeline'!B8)&" → "&IF('06_Status_Pipeline'!B9="","(next)",'06_Status_Pipeline'!B9)) | BC3: IF(AND('06_Status_Pipeline'!B9="",'06_Status_Pipeline'!B10=""),"(spare)","Days: "&IF('06_Status_Pipeline'!B9="","(prev)",'06_Status_Pipeline'!B9)&" → "&IF('06_Status_Pipeline'!B10="","(next)",'06_Status_Pipeline'!B10)) | BD3: IF(AND('06_Status_Pipeline'!B10="",'06_Status_Pipeline'!B11=""),"(spare)","Days: "&IF('06_Status_Pipeline'!B10="","(prev)",'06_Status_Pipeline'!B10)&" → "&IF('06_Status_Pipeline'!B11="","(next)",'06_Status_Pipeline'!B11)) | BE3: IF(AND('06_Status_Pipeline'!B11="",'06_Status_Pipeline'!B12=""),"(spare)","Days: "&IF('06_Status_Pipeline'!B11="","(prev)",'06_Status_Pipeline'!B11)&" → "&IF('06_Status_Pipeline'!B12="","(next)",'06_Status_Pipeline'!B12)) | BF3: IF(AND('06_Status_Pipeline'!B12="",'06_Status_Pipeline'!B13=""),"(spare)","Days: "&IF('06_Status_Pipeline'!B12="","(prev)",'06_Status_Pipeline'!B12)&" → "&IF('06_Status_Pipeline'!B13="","(next)",'06_Status_Pipeline'!B13)) | BG3: IF(AND('06_Status_Pipeline'!B13="",'06_Status_Pipeline'!B14=""),"(spare)","Days: "&IF('06_Status_Pipeline'!B13="","(prev)",'06_Status_Pipeline'!B13)&" → "&IF('06_Status_Pipeline'!B14="","(next)",'06_Status_Pipeline'!B14)) | BH3: IF(AND('06_Status_Pipeline'!B14="",'06_Status_Pipeline'!B15=""),"(spare)","Days: "&IF('06_Status_Pipeline'!B14="","(prev)",'06_Status_Pipeline'!B14)&" → "&IF('06_Status_Pipeline'!B15="","(next)",'06_Status_Pipeline'!B15)) | BI3: IF(AND('06_Status_Pipeline'!B15="",'06_Status_Pipeline'!B16=""),"(spare)","Days: "&IF('06_Status_Pipeline'!B15="","(prev)",'06_Status_Pipeline'!B15)&" → "&IF('06_Status_Pipeline'!B16="","(next)",'06_Status_Pipeline'!B16)) | BJ3: _ProvinceList | BK3: _DistrictList
A4: IF(F4="","",ROW()-3) | B4: AF2-AGF-ALL | C4: Agroforestry saplings and seeds 2026/27 | D4: 1 of 39 | E4: AF2-AGF-N-001 | F4: Agroforestry — Badakhshan / Wardoj | G4: Agroforestry saplings / seeds | H4: Saplings and seeds | I4: Emergency Food Security Project (EFSP) – WBK/AF-2 | J4: Northeast / Kunduz | K4: Badakhshan | L4: Wardoj | M4: Saplings: 8184; Seeds kg: 495 | N4: World Bank (WBK/AF-2) | O4: Not awarded | P4: 7. Agroforestry Saplings-seeds | T4: IF(AQ4="","",AQ4) | U4: 46142 | V4: 12 | W4: 46478 | X4: IF(W4<>"",W4,IF(OR(T4="",V4=""),"",EDATE(T4,V4))) | AA4: Under Awarding | AB4: The saplings PO has already been issued and PO for seeds is expected to be issued in November 2026 | AC4: IF(F4="","",IF(COUNT(AI4:AV4)=0,IF(AA4="","Not started",AA4),SUBSTITUTE(LOOKUP(2,1/(AI4:AV4<>""),$AI$3:$AV$3),"Date: ",""))) | AD4: IF(OR(F4="",COUNT(AI4:AV4)=0),"",TODAY()-LOOKUP(2,1/(AI4:AV4<>""),AI4:AV4)) | AE4: IF(OR(F4="",COUNT(AI4:AV4)<2),"",LOOKUP(2,1/(AI4:AV4<>""),AI4:AV4)-MIN(AI4:AV4)) | AF4: IF(OR(AD4="",AC4="Not started",AC4=""),"",IFERROR(AD4-IF(VLOOKUP(AC4,'06_Status_Pipeline'!$B$3:$E$20,4,FALSE)="",0,VLOOKUP(AC4,'06_Status_Pipeline'!$B$3:$E$20,4,FALSE)),"")) | AG4: IF(F4="","",IF(OR(AA4="Cancelled",AC4="Cancelled"),"Cancelled",IF(OR(AC4="Completed / Handover",Y4<>"",Z4>=100),"Completed — on track",IF(O4="Not awarded",IF(U4="",IF(X4="","No planned date",IF(TODAY()>X4,"Behind — past planned date",IF(X4-TODAY()<=30,"At risk — close to off track","On track"))),IF(TODAY()>U4,"Behind — award date passed",IF(U4-TODAY()<=30,"At risk — close to off track","On track"))),IF(X4="","No planned date",IF(AND(TODAY()>X4,OR(Z4="",Z4<100)),"Behind — past end date",IF(AND(T4<>"",X4<>"",Z4<>"",(Z4<100),((TODAY()-T4)/MAX(X4-T4,1)*100)-Z4>15),"Behind — progress lag",IF(AND(X4-TODAY()<=30,X4-TODAY()>=0,OR(Z4="",Z4<90)),"At risk — close to off track","On track")))))))) | AH4: IF(OR(F4="",AC4="Completed / Handover",AC4="Cancelled"),"",IF(O4="Not awarded",IF(U4<>"",U4-TODAY(),IF(X4="","",X4-TODAY())),IF(X4="","",X4-TODAY()))) | AW4: IF(OR(F4="",AJ4=""),"",IF(COUNT(AI4:AI4)=0,"",AJ4-LOOKUP(2,1/(AI4:AI4<>""),AI4:AI4))) | AX4: IF(OR(F4="",AK4=""),"",IF(COUNT(AI4:AJ4)=0,"",AK4-LOOKUP(2,1/(AI4:AJ4<>""),AI4:AJ4))) | AY4: IF(OR(F4="",AL4=""),"",IF(COUNT(AI4:AK4)=0,"",AL4-LOOKUP(2,1/(AI4:AK4<>""),AI4:AK4))) | AZ4: IF(OR(F4="",AM4=""),"",IF(COUNT(AI4:AL4)=0,"",AM4-LOOKUP(2,1/(AI4:AL4<>""),AI4:AL4))) | BA4: IF(OR(F4="",AN4=""),"",IF(COUNT(AI4:AM4)=0,"",AN4-LOOKUP(2,1/(AI4:AM4<>""),AI4:AM4))) | BB4: IF(OR(F4="",AO4=""),"",IF(COUNT(AI4:AN4)=0,"",AO4-LOOKUP(2,1/(AI4:AN4<>""),AI4:AN4))) | BC4: IF(OR(F4="",AP4=""),"",IF(COUNT(AI4:AO4)=0,"",AP4-LOOKUP(2,1/(AI4:AO4<>""),AI4:AO4))) | BD4: IF(OR(F4="",AQ4=""),"",IF(COUNT(AI4:AP4)=0,"",AQ4-LOOKUP(2,1/(AI4:AP4<>""),AI4:AP4))) | BE4: IF(OR(F4="",AR4=""),"",IF(COUNT(AI4:AQ4)=0,"",AR4-LOOKUP(2,1/(AI4:AQ4<>""),AI4:AQ4))) | BF4: IF(OR(F4="",AS4=""),"",IF(COUNT(AI4:AR4)=0,"",AS4-LOOKUP(2,1/(AI4:AR4<>""),AI4:AR4))) | BG4: IF(OR(F4="",AT4=""),"",IF(COUNT(AI4:AS4)=0,"",AT4-LOOKUP(2,1/(AI4:AS4<>""),AI4:AS4))) | BH4: IF(OR(F4="",AU4=""),"",IF(COUNT(AI4:AT4)=0,"",AU4-LOOKUP(2,1/(AI4:AT4<>""),AI4:AT4))) | BI4: IF(OR(F4="",AV4=""),"",IF(COUNT(AI4:AU4)=0,"",AV4-LOOKUP(2,1/(AI4:AU4<>""),AI4:AU4))) | BJ4: IF(J4="","All_Provinces",IFERROR(VLOOKUP(J4,'09_Lookups'!$A$4:$B$20,2,FALSE),"All_Provinces")) | BK4: IF(K4="","All_Districts",IFERROR(VLOOKUP(K4,'09_Lookups'!$E$4:$F$42,2,FALSE),"All_Districts"))
A5: IF(F5="","",ROW()-3) | B5: AF2-AGF-ALL | C5: Agroforestry saplings and seeds 2026/27 | D5: 2 of 39 | E5: AF2-AGF-N-002 | F5: Agroforestry — Badghis / Sang Atish | G5: Agroforestry saplings / seeds | H5: Saplings and seeds | I5: Emergency Food Security Project (EFSP) – WBK/AF-2 | J5: West / Herat | K5: Badghis | L5: Sang Atish | M5: Saplings: 0; Seeds kg: 20 | N5: World Bank (WBK/AF-2) | O5: Not awarded | P5: 7. Agroforestry Saplings-seeds | T5: IF(AQ5="","",AQ5) | U5: 46142 | V5: 12 | W5: 46478 | X5: IF(W5<>"",W5,IF(OR(T5="",V5=""),"",EDATE(T5,V5))) | AA5: Under Awarding | AB5: The saplings PO has already been issued and PO for seeds is expected to be issued in November 2026 | AC5: IF(F5="","",IF(COUNT(AI5:AV5)=0,IF(AA5="","Not started",AA5),SUBSTITUTE(LOOKUP(2,1/(AI5:AV5<>""),$AI$3:$AV$3),"Date: ",""))) | AD5: IF(OR(F5="",COUNT(AI5:AV5)=0),"",TODAY()-LOOKUP(2,1/(AI5:AV5<>""),AI5:AV5)) | AE5: IF(OR(F5="",COUNT(AI5:AV5)<2),"",LOOKUP(2,1/(AI5:AV5<>""),AI5:AV5)-MIN(AI5:AV5)) | AF5: IF(OR(AD5="",AC5="Not started",AC5=""),"",IFERROR(AD5-IF(VLOOKUP(AC5,'06_Status_Pipeline'!$B$3:$E$20,4,FALSE)="",0,VLOOKUP(AC5,'06_Status_Pipeline'!$B$3:$E$20,4,FALSE)),"")) | AG5: IF(F5="","",IF(OR(AA5="Cancelled",AC5="Cancelled"),"Cancelled",IF(OR(AC5="Completed / Handover",Y5<>"",Z5>=100),"Completed — on track",IF(O5="Not awarded",IF(U5="",IF(X5="","No planned date",IF(TODAY()>X5,"Behind — past planned date",IF(X5-TODAY()<=30,"At risk — close to off track","On track"))),IF(TODAY()>U5,"Behind — award date passed",IF(U5-TODAY()<=30,"At risk — close to off track","On track"))),IF(X5="","No planned date",IF(AND(TODAY()>X5,OR(Z5="",Z5<100)),"Behind — past end date",IF(AND(T5<>"",X5<>"",Z5<>"",(Z5<100),((TODAY()-T5)/MAX(X5-T5,1)*100)-Z5>15),"Behind — progress lag",IF(AND(X5-TODAY()<=30,X5-TODAY()>=0,OR(Z5="",Z5<90)),"At risk — close to off track","On track")))))))) | AH5: IF(OR(F5="",AC5="Completed / Handover",AC5="Cancelled"),"",IF(O5="Not awarded",IF(U5<>"",U5-TODAY(),IF(X5="","",X5-TODAY())),IF(X5="","",X5-TODAY()))) | AW5: IF(OR(F5="",AJ5=""),"",IF(COUNT(AI5:AI5)=0,"",AJ5-LOOKUP(2,1/(AI5:AI5<>""),AI5:AI5))) | AX5: IF(OR(F5="",AK5=""),"",IF(COUNT(AI5:AJ5)=0,"",AK5-LOOKUP(2,1/(AI5:AJ5<>""),AI5:AJ5))) | AY5: IF(OR(F5="",AL5=""),"",IF(COUNT(AI5:AK5)=0,"",AL5-LOOKUP(2,1/(AI5:AK5<>""),AI5:AK5))) | AZ5: IF(OR(F5="",AM5=""),"",IF(COUNT(AI5:AL5)=0,"",AM5-LOOKUP(2,1/(AI5:AL5<>""),AI5:AL5))) | BA5: IF(OR(F5="",AN5=""),"",IF(COUNT(AI5:AM5)=0,"",AN5-LOOKUP(2,1/(AI5:AM5<>""),AI5:AM5))) | BB5: IF(OR(F5="",AO5=""),"",IF(COUNT(AI5:AN5)=0,"",AO5-LOOKUP(2,1/(AI5:AN5<>""),AI5:AN5))) | BC5: IF(OR(F5="",AP5=""),"",IF(COUNT(AI5:AO5)=0,"",AP5-LOOKUP(2,1/(AI5:AO5<>""),AI5:AO5))) | BD5: IF(OR(F5="",AQ5=""),"",IF(COUNT(AI5:AP5)=0,"",AQ5-LOOKUP(2,1/(AI5:AP5<>""),AI5:AP5))) | BE5: IF(OR(F5="",AR5=""),"",IF(COUNT(AI5:AQ5)=0,"",AR5-LOOKUP(2,1/(AI5:AQ5<>""),AI5:AQ5))) | BF5: IF(OR(F5="",AS5=""),"",IF(COUNT(AI5:AR5)=0,"",AS5-LOOKUP(2,1/(AI5:AR5<>""),AI5:AR5))) | BG5: IF(OR(F5="",AT5=""),"",IF(COUNT(AI5:AS5)=0,"",AT5-LOOKUP(2,1/(AI5:AS5<>""),AI5:AS5))) | BH5: IF(OR(F5="",AU5=""),"",IF(COUNT(AI5:AT5)=0,"",AU5-LOOKUP(2,1/(AI5:AT5<>""),AI5:AT5))) | BI5: IF(OR(F5="",AV5=""),"",IF(COUNT(AI5:AU5)=0,"",AV5-LOOKUP(2,1/(AI5:AU5<>""),AI5:AU5))) | BJ5: IF(J5="","All_Provinces",IFERROR(VLOOKUP(J5,'09_Lookups'!$A$4:$B$20,2,FALSE),"All_Provinces")) | BK5: IF(K5="","All_Districts",IFERROR(VLOOKUP(K5,'09_Lookups'!$E$4:$F$42,2,FALSE),"All_Districts"))
A6: IF(F6="","",ROW()-3) | B6: AF2-AGF-ALL | C6: Agroforestry saplings and seeds 2026/27 | D6: 3 of 39 | E6: AF2-AGF-N-003 | F6: Agroforestry — Baghlan / Banu | G6: Agroforestry saplings / seeds | H6: Saplings and seeds | I6: Emergency Food Security Project (EFSP) – WBK/AF-2 | J6: Northeast / Kunduz | K6: Baghlan | L6: Banu | M6: Saplings: 8316; Seeds kg: 121 | N6: World Bank (WBK/AF-2) | O6: Not awarded | P6: 7. Agroforestry Saplings-seeds | T6: IF(AQ6="","",AQ6) | U6: 46142 | V6: 12 | W6: 46478 | X6: IF(W6<>"",W6,IF(OR(T6="",V6=""),"",EDATE(T6,V6))) | AA6: Under Awarding | AB6: The saplings PO has already been issued and PO for seeds is expected to be issued in November 2026 | AC6: IF(F6="","",IF(COUNT(AI6:AV6)=0,IF(AA6="","Not started",AA6),SUBSTITUTE(LOOKUP(2,1/(AI6:AV6<>""),$AI$3:$AV$3),"Date: ",""))) | AD6: IF(OR(F6="",COUNT(AI6:AV6)=0),"",TODAY()-LOOKUP(2,1/(AI6:AV6<>""),AI6:AV6)) | AE6: IF(OR(F6="",COUNT(AI6:AV6)<2),"",LOOKUP(2,1/(AI6:AV6<>""),AI6:AV6)-MIN(AI6:AV6)) | AF6: IF(OR(AD6="",AC6="Not started",AC6=""),"",IFERROR(AD6-IF(VLOOKUP(AC6,'06_Status_Pipeline'!$B$3:$E$20,4,FALSE)="",0,VLOOKUP(AC6,'06_Status_Pipeline'!$B$3:$E$20,4,FALSE)),"")) | AG6: IF(F6="","",IF(OR(AA6="Cancelled",AC6="Cancelled"),"Cancelled",IF(OR(AC6="Completed / Handover",Y6<>"",Z6>=100),"Completed — on track",IF(O6="Not awarded",IF(U6="",IF(X6="","No planned date",IF(TODAY()>X6,"Behind — past planned date",IF(X6-TODAY()<=30,"At risk — close to off track","On track"))),IF(TODAY()>U6,"Behind — award date passed",IF(U6-TODAY()<=30,"At risk — close to off track","On track"))),IF(X6="","No planned date",IF(AND(TODAY()>X6,OR(Z6="",Z6<100)),"Behind — past end date",IF(AND(T6<>"",X6<>"",Z6<>"",(Z6<100),((TODAY()-T6)/MAX(X6-T6,1)*100)-Z6>15),"Behind — progress lag",IF(AND(X6-TODAY()<=30,X6-TODAY()>=0,OR(Z6="",Z6<90)),"At risk — close to off track","On track")))))))) | AH6: IF(OR(F6="",AC6="Completed / Handover",AC6="Cancelled"),"",IF(O6="Not awarded",IF(U6<>"",U6-TODAY(),IF(X6="","",X6-TODAY())),IF(X6="","",X6-TODAY()))) | AW6: IF(OR(F6="",AJ6=""),"",IF(COUNT(AI6:AI6)=0,"",AJ6-LOOKUP(2,1/(AI6:AI6<>""),AI6:AI6))) | AX6: IF(OR(F6="",AK6=""),"",IF(COUNT(AI6:AJ6)=0,"",AK6-LOOKUP(2,1/(AI6:AJ6<>""),AI6:AJ6))) | AY6: IF(OR(F6="",AL6=""),"",IF(COUNT(AI6:AK6)=0,"",AL6-LOOKUP(2,1/(AI6:AK6<>""),AI6:AK6))) | AZ6: IF(OR(F6="",AM6=""),"",IF(COUNT(AI6:AL6)=0,"",AM6-LOOKUP(2,1/(AI6:AL6<>""),AI6:AL6))) | BA6: IF(OR(F6="",AN6=""),"",IF(COUNT(AI6:AM6)=0,"",AN6-LOOKUP(2,1/(AI6:AM6<>""),AI6:AM6))) | BB6: IF(OR(F6="",AO6=""),"",IF(COUNT(AI6:AN6)=0,"",AO6-LOOKUP(2,1/(AI6:AN6<>""),AI6:AN6))) | BC6: IF(OR(F6="",AP6=""),"",IF(COUNT(AI6:AO6)=0,"",AP6-LOOKUP(2,1/(AI6:AO6<>""),AI6:AO6))) | BD6: IF(OR(F6="",AQ6=""),"",IF(COUNT(AI6:AP6)=0,"",AQ6-LOOKUP(2,1/(AI6:AP6<>""),AI6:AP6))) | BE6: IF(OR(F6="",AR6=""),"",IF(COUNT(AI6:AQ6)=0,"",AR6-LOOKUP(2,1/(AI6:AQ6<>""),AI6:AQ6))) | BF6: IF(OR(F6="",AS6=""),"",IF(COUNT(AI6:AR6)=0,"",AS6-LOOKUP(2,1/(AI6:AR6<>""),AI6:AR6))) | BG6: IF(OR(F6="",AT6=""),"",IF(COUNT(AI6:AS6)=0,"",AT6-LOOKUP(2,1/(AI6:AS6<>""),AI6:AS6))) | BH6: IF(OR(F6="",AU6=""),"",IF(COUNT(AI6:AT6)=0,"",AU6-LOOKUP(2,1/(AI6:AT6<>""),AI6:AT6))) | BI6: IF(OR(F6="",AV6=""),"",IF(COUNT(AI6:AU6)=0,"",AV6-LOOKUP(2,1/(AI6:AU6<>""),AI6:AU6))) | BJ6: IF(J6="","All_Provinces",IFERROR(VLOOKUP(J6,'09_Lookups'!$A$4:$B$20,2,FALSE),"All_Provinces")) | BK6: IF(K6="","All_Districts",IFERROR(VLOOKUP(K6,'09_Lookups'!$E$4:$F$42,2,FALSE),"All_Districts"))
A7: IF(F7="","",ROW()-3) | B7: AF2-AGF-ALL | C7: Agroforestry saplings and seeds 2026/27 | D7: 4 of 39 | E7: AF2-AGF-N-004 | F7: Agroforestry — Balkh / Charkent | G7: Agroforestry saplings / seeds | H7: Saplings and seeds | I7: Emergency Food Security Project (EFSP) – WBK/AF-2 | J7: North / Mazar | K7: Balkh | L7: Charkent | M7: Saplings: 0; Seeds kg: 31 | N7: World Bank (WBK/AF-2) | O7: Not awarded | P7: 7. Agroforestry Saplings-seeds | T7: IF(AQ7="","",AQ7) | U7: 46142 | V7: 12 | W7: 46478 | X7: IF(W7<>"",W7,IF(OR(T7="",V7=""),"",EDATE(T7,V7))) | AA7: Under Awarding | AB7: The saplings PO has already been issued and PO for seeds is expected to be issued in November 2026 | AC7: IF(F7="","",IF(COUNT(AI7:AV7)=0,IF(AA7="","Not started",AA7),SUBSTITUTE(LOOKUP(2,1/(AI7:AV7<>""),$AI$3:$AV$3),"Date: ",""))) | AD7: IF(OR(F7="",COUNT(AI7:AV7)=0),"",TODAY()-LOOKUP(2,1/(AI7:AV7<>""),AI7:AV7)) | AE7: IF(OR(F7="",COUNT(AI7:AV7)<2),"",LOOKUP(2,1/(AI7:AV7<>""),AI7:AV7)-MIN(AI7:AV7)) | AF7: IF(OR(AD7="",AC7="Not started",AC7=""),"",IFERROR(AD7-IF(VLOOKUP(AC7,'06_Status_Pipeline'!$B$3:$E$20,4,FALSE)="",0,VLOOKUP(AC7,'06_Status_Pipeline'!$B$3:$E$20,4,FALSE)),"")) | AG7: IF(F7="","",IF(OR(AA7="Cancelled",AC7="Cancelled"),"Cancelled",IF(OR(AC7="Completed / Handover",Y7<>"",Z7>=100),"Completed — on track",IF(O7="Not awarded",IF(U7="",IF(X7="","No planned date",IF(TODAY()>X7,"Behind — past planned date",IF(X7-TODAY()<=30,"At risk — close to off track","On track"))),IF(TODAY()>U7,"Behind — award date passed",IF(U7-TODAY()<=30,"At risk — close to off track","On track"))),IF(X7="","No planned date",IF(AND(TODAY()>X7,OR(Z7="",Z7<100)),"Behind — past end date",IF(AND(T7<>"",X7<>"",Z7<>"",(Z7<100),((TODAY()-T7)/MAX(X7-T7,1)*100)-Z7>15),"Behind — progress lag",IF(AND(X7-TODAY()<=30,X7-TODAY()>=0,OR(Z7="",Z7<90)),"At risk — close to off track","On track")))))))) | AH7: IF(OR(F7="",AC7="Completed / Handover",AC7="Cancelled"),"",IF(O7="Not awarded",IF(U7<>"",U7-TODAY(),IF(X7="","",X7-TODAY())),IF(X7="","",X7-TODAY()))) | AW7: IF(OR(F7="",AJ7=""),"",IF(COUNT(AI7:AI7)=0,"",AJ7-LOOKUP(2,1/(AI7:AI7<>""),AI7:AI7))) | AX7: IF(OR(F7="",AK7=""),"",IF(COUNT(AI7:AJ7)=0,"",AK7-LOOKUP(2,1/(AI7:AJ7<>""),AI7:AJ7))) | AY7: IF(OR(F7="",AL7=""),"",IF(COUNT(AI7:AK7)=0,"",AL7-LOOKUP(2,1/(AI7:AK7<>""),AI7:AK7))) | AZ7: IF(OR(F7="",AM7=""),"",IF(COUNT(AI7:AL7)=0,"",AM7-LOOKUP(2,1/(AI7:AL7<>""),AI7:AL7))) | BA7: IF(OR(F7="",AN7=""),"",IF(COUNT(AI7:AM7)=0,"",AN7-LOOKUP(2,1/(AI7:AM7<>""),AI7:AM7))) | BB7: IF(OR(F7="",AO7=""),"",IF(COUNT(AI7:AN7)=0,"",AO7-LOOKUP(2,1/(AI7:AN7<>""),AI7:AN7))) | BC7: IF(OR(F7="",AP7=""),"",IF(COUNT(AI7:AO7)=0,"",AP7-LOOKUP(2,1/(AI7:AO7<>""),AI7:AO7))) | BD7: IF(OR(F7="",AQ7=""),"",IF(COUNT(AI7:AP7)=0,"",AQ7-LOOKUP(2,1/(AI7:AP7<>""),AI7:AP7))) | BE7: IF(OR(F7="",AR7=""),"",IF(COUNT(AI7:AQ7)=0,"",AR7-LOOKUP(2,1/(AI7:AQ7<>""),AI7:AQ7))) | BF7: IF(OR(F7="",AS7=""),"",IF(COUNT(AI7:AR7)=0,"",AS7-LOOKUP(2,1/(AI7:AR7<>""),AI7:AR7))) | BG7: IF(OR(F7="",AT7=""),"",IF(COUNT(AI7:AS7)=0,"",AT7-LOOKUP(2,1/(AI7:AS7<>""),AI7:AS7))) | BH7: IF(OR(F7="",AU7=""),"",IF(COUNT(AI7:AT7)=0,"",AU7-LOOKUP(2,1/(AI7:AT7<>""),AI7:AT7))) | BI7: IF(OR(F7="",AV7=""),"",IF(COUNT(AI7:AU7)=0,"",AV7-LOOKUP(2,1/(AI7:AU7<>""),AI7:AU7))) | BJ7: IF(J7="","All_Provinces",IFERROR(VLOOKUP(J7,'09_Lookups'!$A$4:$B$20,2,FALSE),"All_Provinces")) | BK7: IF(K7="","All_Districts",IFERROR(VLOOKUP(K7,'09_Lookups'!$E$4:$F$42,2,FALSE),"All_Districts"))
A8: IF(F8="","",ROW()-3) | B8: AF2-AGF-ALL | C8: Agroforestry saplings and seeds 2026/27 | D8: 5 of 39 | E8: AF2-AGF-N-005 | F8: Agroforestry — Balkh / Dehdadi | G8: Agroforestry saplings / seeds | H8: Saplings and seeds | I8: Emergency Food Security Project (EFSP) – WBK/AF-2 | J8: North / Mazar | K8: Balkh | L8: Dehdadi | M8: Saplings: 2400; Seeds kg: 21 | N8: World Bank (WBK/AF-2) | O8: Not awarded | P8: 7. Agroforestry Saplings-seeds | T8: IF(AQ8="","",AQ8) | U8: 46142 | V8: 12 | W8: 46478 | X8: IF(W8<>"",W8,IF(OR(T8="",V8=""),"",EDATE(T8,V8))) | AA8: Under Awarding | AB8: The saplings PO has already been issued and PO for seeds is expected to be issued in November 2026 | AC8: IF(F8="","",IF(COUNT(AI8:AV8)=0,IF(AA8="","Not started",AA8),SUBSTITUTE(LOOKUP(2,1/(AI8:AV8<>""),$AI$3:$AV$3),"Date: ",""))) | AD8: IF(OR(F8="",COUNT(AI8:AV8)=0),"",TODAY()-LOOKUP(2,1/(AI8:AV8<>""),AI8:AV8)) | AE8: IF(OR(F8="",COUNT(AI8:AV8)<2),"",LOOKUP(2,1/(AI8:AV8<>""),AI8:AV8)-MIN(AI8:AV8)) | AF8: IF(OR(AD8="",AC8="Not started",AC8=""),"",IFERROR(AD8-IF(VLOOKUP(AC8,'06_Status_Pipeline'!$B$3:$E$20,4,FALSE)="",0,VLOOKUP(AC8,'06_Status_Pipeline'!$B$3:$E$20,4,FALSE)),"")) | AG8: IF(F8="","",IF(OR(AA8="Cancelled",AC8="Cancelled"),"Cancelled",IF(OR(AC8="Completed / Handover",Y8<>"",Z8>=100),"Completed — on track",IF(O8="Not awarded",IF(U8="",IF(X8="","No planned date",IF(TODAY()>X8,"Behind — past planned date",IF(X8-TODAY()<=30,"At risk — close to off track","On track"))),IF(TODAY()>U8,"Behind — award date passed",IF(U8-TODAY()<=30,"At risk — close to off track","On track"))),IF(X8="","No planned date",IF(AND(TODAY()>X8,OR(Z8="",Z8<100)),"Behind — past end date",IF(AND(T8<>"",X8<>"",Z8<>"",(Z8<100),((TODAY()-T8)/MAX(X8-T8,1)*100)-Z8>15),"Behind — progress lag",IF(AND(X8-TODAY()<=30,X8-TODAY()>=0,OR(Z8="",Z8<90)),"At risk — close to off track","On track")))))))) | AH8: IF(OR(F8="",AC8="Completed / Handover",AC8="Cancelled"),"",IF(O8="Not awarded",IF(U8<>"",U8-TODAY(),IF(X8="","",X8-TODAY())),IF(X8="","",X8-TODAY()))) | AW8: IF(OR(F8="",AJ8=""),"",IF(COUNT(AI8:AI8)=0,"",AJ8-LOOKUP(2,1/(AI8:AI8<>""),AI8:AI8))) | AX8: IF(OR(F8="",AK8=""),"",IF(COUNT(AI8:AJ8)=0,"",AK8-LOOKUP(2,1/(AI8:AJ8<>""),AI8:AJ8))) | AY8: IF(OR(F8="",AL8=""),"",IF(COUNT(AI8:AK8)=0,"",AL8-LOOKUP(2,1/(AI8:AK8<>""),AI8:AK8))) | AZ8: IF(OR(F8="",AM8=""),"",IF(COUNT(AI8:AL8)=0,"",AM8-LOOKUP(2,1/(AI8:AL8<>""),AI8:AL8))) | BA8: IF(OR(F8="",AN8=""),"",IF(COUNT(AI8:AM8)=0,"",AN8-LOOKUP(2,1/(AI8:AM8<>""),AI8:AM8))) | BB8: IF(OR(F8="",AO8=""),"",IF(COUNT(AI8:AN8)=0,"",AO8-LOOKUP(2,1/(AI8:AN8<>""),AI8:AN8))) | BC8: IF(OR(F8="",AP8=""),"",IF(COUNT(AI8:AO8)=0,"",AP8-LOOKUP(2,1/(AI8:AO8<>""),AI8:AO8))) | BD8: IF(OR(F8="",AQ8=""),"",IF(COUNT(AI8:AP8)=0,"",AQ8-LOOKUP(2,1/(AI8:AP8<>""),AI8:AP8))) | BE8: IF(OR(F8="",AR8=""),"",IF(COUNT(AI8:AQ8)=0,"",AR8-LOOKUP(2,1/(AI8:AQ8<>""),AI8:AQ8))) | BF8: IF(OR(F8="",AS8=""),"",IF(COUNT(AI8:AR8)=0,"",AS8-LOOKUP(2,1/(AI8:AR8<>""),AI8:AR8))) | BG8: IF(OR(F8="",AT8=""),"",IF(COUNT(AI8:AS8)=0,"",AT8-LOOKUP(2,1/(AI8:AS8<>""),AI8:AS8))) | BH8: IF(OR(F8="",AU8=""),"",IF(COUNT(AI8:AT8)=0,"",AU8-LOOKUP(2,1/(AI8:AT8<>""),AI8:AT8))) | BI8: IF(OR(F8="",AV8=""),"",IF(COUNT(AI8:AU8)=0,"",AV8-LOOKUP(2,1/(AI8:AU8<>""),AI8:AU8))) | BJ8: IF(J8="","All_Provinces",IFERROR(VLOOKUP(J8,'09_Lookups'!$A$4:$B$20,2,FALSE),"All_Provinces")) | BK8: IF(K8="","All_Districts",IFERROR(VLOOKUP(K8,'09_Lookups'!$E$4:$F$42,2,FALSE),"All_Districts"))
A9: IF(F9="","",ROW()-3) | B9: AF2-AGF-ALL | C9: Agroforestry saplings and seeds 2026/27 | D9: 6 of 39 | E9: AF2-AGF-N-006 | F9: Agroforestry — Balkh / Kishendeh | G9: Agroforestry saplings / seeds | H9: Saplings and seeds | I9: Emergency Food Security Project (EFSP) – WBK/AF-2 | J9: North / Mazar | K9: Balkh | L9: Kishendeh | M9: Saplings: 0; Seeds kg: 46 | N9: World Bank (WBK/AF-2) | O9: Not awarded | P9: 7. Agroforestry Saplings-seeds | T9: IF(AQ9="","",AQ9) | U9: 46142 | V9: 12 | W9: 46478 | X9: IF(W9<>"",W9,IF(OR(T9="",V9=""),"",EDATE(T9,V9))) | AA9: Under Awarding | AB9: The saplings PO has already been issued and PO for seeds is expected to be issued in November 2026 | AC9: IF(F9="","",IF(COUNT(AI9:AV9)=0,IF(AA9="","Not started",AA9),SUBSTITUTE(LOOKUP(2,1/(AI9:AV9<>""),$AI$3:$AV$3),"Date: ",""))) | AD9: IF(OR(F9="",COUNT(AI9:AV9)=0),"",TODAY()-LOOKUP(2,1/(AI9:AV9<>""),AI9:AV9)) | AE9: IF(OR(F9="",COUNT(AI9:AV9)<2),"",LOOKUP(2,1/(AI9:AV9<>""),AI9:AV9)-MIN(AI9:AV9)) | AF9: IF(OR(AD9="",AC9="Not started",AC9=""),"",IFERROR(AD9-IF(VLOOKUP(AC9,'06_Status_Pipeline'!$B$3:$E$20,4,FALSE)="",0,VLOOKUP(AC9,'06_Status_Pipeline'!$B$3:$E$20,4,FALSE)),"")) | AG9: IF(F9="","",IF(OR(AA9="Cancelled",AC9="Cancelled"),"Cancelled",IF(OR(AC9="Completed / Handover",Y9<>"",Z9>=100),"Completed — on track",IF(O9="Not awarded",IF(U9="",IF(X9="","No planned date",IF(TODAY()>X9,"Behind — past planned date",IF(X9-TODAY()<=30,"At risk — close to off track","On track"))),IF(TODAY()>U9,"Behind — award date passed",IF(U9-TODAY()<=30,"At risk — close to off track","On track"))),IF(X9="","No planned date",IF(AND(TODAY()>X9,OR(Z9="",Z9<100)),"Behind — past end date",IF(AND(T9<>"",X9<>"",Z9<>"",(Z9<100),((TODAY()-T9)/MAX(X9-T9,1)*100)-Z9>15),"Behind — progress lag",IF(AND(X9-TODAY()<=30,X9-TODAY()>=0,OR(Z9="",Z9<90)),"At risk — close to off track","On track")))))))) | AH9: IF(OR(F9="",AC9="Completed / Handover",AC9="Cancelled"),"",IF(O9="Not awarded",IF(U9<>"",U9-TODAY(),IF(X9="","",X9-TODAY())),IF(X9="","",X9-TODAY()))) | AW9: IF(OR(F9="",AJ9=""),"",IF(COUNT(AI9:AI9)=0,"",AJ9-LOOKUP(2,1/(AI9:AI9<>""),AI9:AI9))) | AX9: IF(OR(F9="",AK9=""),"",IF(COUNT(AI9:AJ9)=0,"",AK9-LOOKUP(2,1/(AI9:AJ9<>""),AI9:AJ9))) | AY9: IF(OR(F9="",AL9=""),"",IF(COUNT(AI9:AK9)=0,"",AL9-LOOKUP(2,1/(AI9:AK9<>""),AI9:AK9))) | AZ9: IF(OR(F9="",AM9=""),"",IF(COUNT(AI9:AL9)=0,"",AM9-LOOKUP(2,1/(AI9:AL9<>""),AI9:AL9))) | BA9: IF(OR(F9="",AN9=""),"",IF(COUNT(AI9:AM9)=0,"",AN9-LOOKUP(2,1/(AI9:AM9<>""),AI9:AM9))) | BB9: IF(OR(F9="",AO9=""),"",IF(COUNT(AI9:AN9)=0,"",AO9-LOOKUP(2,1/(AI9:AN9<>""),AI9:AN9))) | BC9: IF(OR(F9="",AP9=""),"",IF(COUNT(AI9:AO9)=0,"",AP9-LOOKUP(2,1/(AI9:AO9<>""),AI9:AO9))) | BD9: IF(OR(F9="",AQ9=""),"",IF(COUNT(AI9:AP9)=0,"",AQ9-LOOKUP(2,1/(AI9:AP9<>""),AI9:AP9))) | BE9: IF(OR(F9="",AR9=""),"",IF(COUNT(AI9:AQ9)=0,"",AR9-LOOKUP(2,1/(AI9:AQ9<>""),AI9:AQ9))) | BF9: IF(OR(F9="",AS9=""),"",IF(COUNT(AI9:AR9)=0,"",AS9-LOOKUP(2,1/(AI9:AR9<>""),AI9:AR9))) | BG9: IF(OR(F9="",AT9=""),"",IF(COUNT(AI9:AS9)=0,"",AT9-LOOKUP(2,1/(AI9:AS9<>""),AI9:AS9))) | BH9: IF(OR(F9="",AU9=""),"",IF(COUNT(AI9:AT9)=0,"",AU9-LOOKUP(2,1/(AI9:AT9<>""),AI9:AT9))) | BI9: IF(OR(F9="",AV9=""),"",IF(COUNT(AI9:AU9)=0,"",AV9-LOOKUP(2,1/(AI9:AU9<>""),AI9:AU9))) | BJ9: IF(J9="","All_Provinces",IFERROR(VLOOKUP(J9,'09_Lookups'!$A$4:$B$20,2,FALSE),"All_Provinces")) | BK9: IF(K9="","All_Districts",IFERROR(VLOOKUP(K9,'09_Lookups'!$E$4:$F$42,2,FALSE),"All_Districts"))
A10: IF(F10="","",ROW()-3) | B10: AF2-AGF-ALL | C10: Agroforestry saplings and seeds 2026/27 | D10: 7 of 39 | E10: AF2-AGF-N-007 | F10: Agroforestry — Balkh / Marmul | G10: Agroforestry saplings / seeds | H10: Saplings and seeds | I10: Emergency Food Security Project (EFSP) – WBK/AF-2 | J10: North / Mazar | K10: Balkh | L10: Marmul | M10: Saplings: 0; Seeds kg: 41 | N10: World Bank (WBK/AF-2) | O10: Not awarded | P10: 7. Agroforestry Saplings-seeds | T10: IF(AQ10="","",AQ10) | U10: 46142 | V10: 12 | W10: 46478 | X10: IF(W10<>"",W10,IF(OR(T10="",V10=""),"",EDATE(T10,V10))) | AA10: Under Awarding | AB10: The saplings PO has already been issued and PO for seeds is expected to be issued in November 2026 | AC10: IF(F10="","",IF(COUNT(AI10:AV10)=0,IF(AA10="","Not started",AA10),SUBSTITUTE(LOOKUP(2,1/(AI10:AV10<>""),$AI$3:$AV$3),"Date: ",""))) | AD10: IF(OR(F10="",COUNT(AI10:AV10)=0),"",TODAY()-LOOKUP(2,1/(AI10:AV10<>""),AI10:AV10)) | AE10: IF(OR(F10="",COUNT(AI10:AV10)<2),"",LOOKUP(2,1/(AI10:AV10<>""),AI10:AV10)-MIN(AI10:AV10)) | AF10: IF(OR(AD10="",AC10="Not started",AC10=""),"",IFERROR(AD10-IF(VLOOKUP(AC10,'06_Status_Pipeline'!$B$3:$E$20,4,FALSE)="",0,VLOOKUP(AC10,'06_Status_Pipeline'!$B$3:$E$20,4,FALSE)),"")) | AG10: IF(F10="","",IF(OR(AA10="Cancelled",AC10="Cancelled"),"Cancelled",IF(OR(AC10="Completed / Handover",Y10<>"",Z10>=100),"Completed — on track",IF(O10="Not awarded",IF(U10="",IF(X10="","No planned date",IF(TODAY()>X10,"Behind — past planned date",IF(X10-TODAY()<=30,"At risk — close to off track","On track"))),IF(TODAY()>U10,"Behind — award date passed",IF(U10-TODAY()<=30,"At risk — close to off track","On track"))),IF(X10="","No planned date",IF(AND(TODAY()>X10,OR(Z10="",Z10<100)),"Behind — past end date",IF(AND(T10<>"",X10<>"",Z10<>"",(Z10<100),((TODAY()-T10)/MAX(X10-T10,1)*100)-Z10>15),"Behind — progress lag",IF(AND(X10-TODAY()<=30,X10-TODAY()>=0,OR(Z10="",Z10<90)),"At risk — close to off track","On track")))))))) | AH10: IF(OR(F10="",AC10="Completed / Handover",AC10="Cancelled"),"",IF(O10="Not awarded",IF(U10<>"",U10-TODAY(),IF(X10="","",X10-TODAY())),IF(X10="","",X10-TODAY()))) | AW10: IF(OR(F10="",AJ10=""),"",IF(COUNT(AI10:AI10)=0,"",AJ10-LOOKUP(2,1/(AI10:AI10<>""),AI10:AI10))) | AX10: IF(OR(F10="",AK10=""),"",IF(COUNT(AI10:AJ10)=0,"",AK10-LOOKUP(2,1/(AI10:AJ10<>""),AI10:AJ10))) | AY10: IF(OR(F10="",AL10=""),"",IF(COUNT(AI10:AK10)=0,"",AL10-LOOKUP(2,1/(AI10:AK10<>""),AI10:AK10))) | AZ10: IF(OR(F10="",AM10=""),"",IF(COUNT(AI10:AL10)=0,"",AM10-LOOKUP(2,1/(AI10:AL10<>""),AI10:AL10))) | BA10: IF(OR(F10="",AN10=""),"",IF(COUNT(AI10:AM10)=0,"",AN10-LOOKUP(2,1/(AI10:AM10<>""),AI10:AM10))) | BB10: IF(OR(F10="",AO10=""),"",IF(COUNT(AI10:AN10)=0,"",AO10-LOOKUP(2,1/(AI10:AN10<>""),AI10:AN10))) | BC10: IF(OR(F10="",AP10=""),"",IF(COUNT(AI10:AO10)=0,"",AP10-LOOKUP(2,1/(AI10:AO10<>""),AI10:AO10))) | BD10: IF(OR(F10="",AQ10=""),"",IF(COUNT(AI10:AP10)=0,"",AQ10-LOOKUP(2,1/(AI10:AP10<>""),AI10:AP10))) | BE10: IF(OR(F10="",AR10=""),"",IF(COUNT(AI10:AQ10)=0,"",AR10-LOOKUP(2,1/(AI10:AQ10<>""),AI10:AQ10))) | BF10: IF(OR(F10="",AS10=""),"",IF(COUNT(AI10:AR10)=0,"",AS10-LOOKUP(2,1/(AI10:AR10<>""),AI10:AR10))) | BG10: IF(OR(F10="",AT10=""),"",IF(COUNT(AI10:AS10)=0,"",AT10-LOOKUP(2,1/(AI10:AS10<>""),AI10:AS10))) | BH10: IF(OR(F10="",AU10=""),"",IF(COUNT(AI10:AT10)=0,"",AU10-LOOKUP(2,1/(AI10:AT10<>""),AI10:AT10))) | BI10: IF(OR(F10="",AV10=""),"",IF(COUNT(AI10:AU10)=0,"",AV10-LOOKUP(2,1/(AI10:AU10<>""),AI10:AU10))) | BJ10: IF(J10="","All_Provinces",IFERROR(VLOOKUP(J10,'09_Lookups'!$A$4:$B$20,2,FALSE),"All_Provinces")) | BK10: IF(K10="","All_Districts",IFERROR(VLOOKUP(K10,'09_Lookups'!$E$4:$F$42,2,FALSE),"All_Districts"))
A11: IF(F11="","",ROW()-3) | B11: AF2-AGF-ALL | C11: Agroforestry saplings and seeds 2026/27 | D11: 8 of 39 | E11: AF2-AGF-N-008 | F11: Agroforestry — Balkh / Nahre Shahi | G11: Agroforestry saplings / seeds | H11: Saplings and seeds | I11: Emergency Food Security Project (EFSP) – WBK/AF-2 | J11: North / Mazar | K11: Balkh | L11: Nahre Shahi | M11: Saplings: 0; Seeds kg: 246 | N11: World Bank (WBK/AF-2) | O11: Not awarded | P11: 7. Agroforestry Saplings-seeds | T11: IF(AQ11="","",AQ11) | U11: 46142 | V11: 12 | W11: 46478 | X11: IF(W11<>"",W11,IF(OR(T11="",V11=""),"",EDATE(T11,V11))) | AA11: Under Awarding | AB11: The saplings PO has already been issued and PO for seeds is expected to be issued in November 2026 | AC11: IF(F11="","",IF(COUNT(AI11:AV11)=0,IF(AA11="","Not started",AA11),SUBSTITUTE(LOOKUP(2,1/(AI11:AV11<>""),$AI$3:$AV$3),"Date: ",""))) | AD11: IF(OR(F11="",COUNT(AI11:AV11)=0),"",TODAY()-LOOKUP(2,1/(AI11:AV11<>""),AI11:AV11)) | AE11: IF(OR(F11="",COUNT(AI11:AV11)<2),"",LOOKUP(2,1/(AI11:AV11<>""),AI11:AV11)-MIN(AI11:AV11)) | AF11: IF(OR(AD11="",AC11="Not started",AC11=""),"",IFERROR(AD11-IF(VLOOKUP(AC11,'06_Status_Pipeline'!$B$3:$E$20,4,FALSE)="",0,VLOOKUP(AC11,'06_Status_Pipeline'!$B$3:$E$20,4,FALSE)),"")) | AG11: IF(F11="","",IF(OR(AA11="Cancelled",AC11="Cancelled"),"Cancelled",IF(OR(AC11="Completed / Handover",Y11<>"",Z11>=100),"Completed — on track",IF(O11="Not awarded",IF(U11="",IF(X11="","No planned date",IF(TODAY()>X11,"Behind — past planned date",IF(X11-TODAY()<=30,"At risk — close to off track","On track"))),IF(TODAY()>U11,"Behind — award date passed",IF(U11-TODAY()<=30,"At risk — close to off track","On track"))),IF(X11="","No planned date",IF(AND(TODAY()>X11,OR(Z11="",Z11<100)),"Behind — past end date",IF(AND(T11<>"",X11<>"",Z11<>"",(Z11<100),((TODAY()-T11)/MAX(X11-T11,1)*100)-Z11>15),"Behind — progress lag",IF(AND(X11-TODAY()<=30,X11-TODAY()>=0,OR(Z11="",Z11<90)),"At risk — close to off track","On track")))))))) | AH11: IF(OR(F11="",AC11="Completed / Handover",AC11="Cancelled"),"",IF(O11="Not awarded",IF(U11<>"",U11-TODAY(),IF(X11="","",X11-TODAY())),IF(X11="","",X11-TODAY()))) | AW11: IF(OR(F11="",AJ11=""),"",IF(COUNT(AI11:AI11)=0,"",AJ11-LOOKUP(2,1/(AI11:AI11<>""),AI11:AI11))) | AX11: IF(OR(F11="",AK11=""),"",IF(COUNT(AI11:AJ11)=0,"",AK11-LOOKUP(2,1/(AI11:AJ11<>""),AI11:AJ11))) | AY11: IF(OR(F11="",AL11=""),"",IF(COUNT(AI11:AK11)=0,"",AL11-LOOKUP(2,1/(AI11:AK11<>""),AI11:AK11))) | AZ11: IF(OR(F11="",AM11=""),"",IF(COUNT(AI11:AL11)=0,"",AM11-LOOKUP(2,1/(AI11:AL11<>""),AI11:AL11))) | BA11: IF(OR(F11="",AN11=""),"",IF(COUNT(AI11:AM11)=0,"",AN11-LOOKUP(2,1/(AI11:AM11<>""),AI11:AM11))) | BB11: IF(OR(F11="",AO11=""),"",IF(COUNT(AI11:AN11)=0,"",AO11-LOOKUP(2,1/(AI11:AN11<>""),AI11:AN11))) | BC11: IF(OR(F11="",AP11=""),"",IF(COUNT(AI11:AO11)=0,"",AP11-LOOKUP(2,1/(AI11:AO11<>""),AI11:AO11))) | BD11: IF(OR(F11="",AQ11=""),"",IF(COUNT(AI11:AP11)=0,"",AQ11-LOOKUP(2,1/(AI11:AP11<>""),AI11:AP11))) | BE11: IF(OR(F11="",AR11=""),"",IF(COUNT(AI11:AQ11)=0,"",AR11-LOOKUP(2,1/(AI11:AQ11<>""),AI11:AQ11))) | BF11: IF(OR(F11="",AS11=""),"",IF(COUNT(AI11:AR11)=0,"",AS11-LOOKUP(2,1/(AI11:AR11<>""),AI11:AR11))) | BG11: IF(OR(F11="",AT11=""),"",IF(COUNT(AI11:AS11)=0,"",AT11-LOOKUP(2,1/(AI11:AS11<>""),AI11:AS11))) | BH11: IF(OR(F11="",AU11=""),"",IF(COUNT(AI11:AT11)=0,"",AU11-LOOKUP(2,1/(AI11:AT11<>""),AI11:AT11))) | BI11: IF(OR(F11="",AV11=""),"",IF(COUNT(AI11:AU11)=0,"",AV11-LOOKUP(2,1/(AI11:AU11<>""),AI11:AU11))) | BJ11: IF(J11="","All_Provinces",IFERROR(VLOOKUP(J11,'09_Lookups'!$A$4:$B$20,2,FALSE),"All_Provinces")) | BK11: IF(K11="","All_Districts",IFERROR(VLOOKUP(K11,'09_Lookups'!$E$4:$F$42,2,FALSE),"All_Districts"))
A12: IF(F12="","",ROW()-3) | B12: AF2-AGF-ALL | C12: Agroforestry saplings and seeds 2026/27 | D12: 9 of 39 | E12: AF2-AGF-N-009 | F12: Agroforestry — Daikundi / Khedir | G12: Agroforestry saplings / seeds | H12: Saplings and seeds | I12: Emergency Food Security Project (EFSP) – WBK/AF-2 | J12: Central Highland / Bamyan | K12: Daikundi | L12: Khedir | M12: Saplings: 6000; Seeds kg: 477 | N12: World Bank (WBK/AF-2) | O12: Not awarded | P12: 7. Agroforestry Saplings-seeds | T12: IF(AQ12="","",AQ12) | U12: 46142 | V12: 12 | W12: 46478 | X12: IF(W12<>"",W12,IF(OR(T12="",V12=""),"",EDATE(T12,V12))) | AA12: Under Awarding | AB12: The saplings PO has already been issued and PO for seeds is expected to be issued in November 2026 | AC12: IF(F12="","",IF(COUNT(AI12:AV12)=0,IF(AA12="","Not started",AA12),SUBSTITUTE(LOOKUP(2,1/(AI12:AV12<>""),$AI$3:$AV$3),"Date: ",""))) | AD12: IF(OR(F12="",COUNT(AI12:AV12)=0),"",TODAY()-LOOKUP(2,1/(AI12:AV12<>""),AI12:AV12)) | AE12: IF(OR(F12="",COUNT(AI12:AV12)<2),"",LOOKUP(2,1/(AI12:AV12<>""),AI12:AV12)-MIN(AI12:AV12)) | AF12: IF(OR(AD12="",AC12="Not started",AC12=""),"",IFERROR(AD12-IF(VLOOKUP(AC12,'06_Status_Pipeline'!$B$3:$E$20,4,FALSE)="",0,VLOOKUP(AC12,'06_Status_Pipeline'!$B$3:$E$20,4,FALSE)),"")) | AG12: IF(F12="","",IF(OR(AA12="Cancelled",AC12="Cancelled"),"Cancelled",IF(OR(AC12="Completed / Handover",Y12<>"",Z12>=100),"Completed — on track",IF(O12="Not awarded",IF(U12="",IF(X12="","No planned date",IF(TODAY()>X12,"Behind — past planned date",IF(X12-TODAY()<=30,"At risk — close to off track","On track"))),IF(TODAY()>U12,"Behind — award date passed",IF(U12-TODAY()<=30,"At risk — close to off track","On track"))),IF(X12="","No planned date",IF(AND(TODAY()>X12,OR(Z12="",Z12<100)),"Behind — past end date",IF(AND(T12<>"",X12<>"",Z12<>"",(Z12<100),((TODAY()-T12)/MAX(X12-T12,1)*100)-Z12>15),"Behind — progress lag",IF(AND(X12-TODAY()<=30,X12-TODAY()>=0,OR(Z12="",Z12<90)),"At risk — close to off track","On track")))))))) | AH12: IF(OR(F12="",AC12="Completed / Handover",AC12="Cancelled"),"",IF(O12="Not awarded",IF(U12<>"",U12-TODAY(),IF(X12="","",X12-TODAY())),IF(X12="","",X12-TODAY()))) | AW12: IF(OR(F12="",AJ12=""),"",IF(COUNT(AI12:AI12)=0,"",AJ12-LOOKUP(2,1/(AI12:AI12<>""),AI12:AI12))) | AX12: IF(OR(F12="",AK12=""),"",IF(COUNT(AI12:AJ12)=0,"",AK12-LOOKUP(2,1/(AI12:AJ12<>""),AI12:AJ12))) | AY12: IF(OR(F12="",AL12=""),"",IF(COUNT(AI12:AK12)=0,"",AL12-LOOKUP(2,1/(AI12:AK12<>""),AI12:AK12))) | AZ12: IF(OR(F12="",AM12=""),"",IF(COUNT(AI12:AL12)=0,"",AM12-LOOKUP(2,1/(AI12:AL12<>""),AI12:AL12))) | BA12: IF(OR(F12="",AN12=""),"",IF(COUNT(AI12:AM12)=0,"",AN12-LOOKUP(2,1/(AI12:AM12<>""),AI12:AM12))) | BB12: IF(OR(F12="",AO12=""),"",IF(COUNT(AI12:AN12)=0,"",AO12-LOOKUP(2,1/(AI12:AN12<>""),AI12:AN12))) | BC12: IF(OR(F12="",AP12=""),"",IF(COUNT(AI12:AO12)=0,"",AP12-LOOKUP(2,1/(AI12:AO12<>""),AI12:AO12))) | BD12: IF(OR(F12="",AQ12=""),"",IF(COUNT(AI12:AP12)=0,"",AQ12-LOOKUP(2,1/(AI12:AP12<>""),AI12:AP12))) | BE12: IF(OR(F12="",AR12=""),"",IF(COUNT(AI12:AQ12)=0,"",AR12-LOOKUP(2,1/(AI12:AQ12<>""),AI12:AQ12))) | BF12: IF(OR(F12="",AS12=""),"",IF(COUNT(AI12:AR12)=0,"",AS12-LOOKUP(2,1/(AI12:AR12<>""),AI12:AR12))) | BG12: IF(OR(F12="",AT12=""),"",IF(COUNT(AI12:AS12)=0,"",AT12-LOOKUP(2,1/(AI12:AS12<>""),AI12:AS12))) | BH12: IF(OR(F12="",AU12=""),"",IF(COUNT(AI12:AT12)=0,"",AU12-LOOKUP(2,1/(AI12:AT12<>""),AI12:AT12))) | BI12: IF(OR(F12="",AV12=""),"",IF(COUNT(AI12:AU12)=0,"",AV12-LOOKUP(2,1/(AI12:AU12<>""),AI12:AU12))) | BJ12: IF(J12="","All_Provinces",IFERROR(VLOOKUP(J12,'09_Lookups'!$A$4:$B$20,2,FALSE),"All_Provinces")) | BK12: IF(K12="","All_Districts",IFERROR(VLOOKUP(K12,'09_Lookups'!$E$4:$F$42,2,FALSE),"All_Districts"))
A13: IF(F13="","",ROW()-3) | B13: AF2-AGF-ALL | C13: Agroforestry saplings and seeds 2026/27 | D13: 10 of 39 | E13: AF2-AGF-N-010 | F13: Agroforestry — Daikundi / Meramour | G13: Agroforestry saplings / seeds | H13: Saplings and seeds | I13: Emergency Food Security Project (EFSP) – WBK/AF-2 | J13: Central Highland / Bamyan | K13: Daikundi | L13: Meramour | M13: Saplings: 7000; Seeds kg: 197.5 | N13: World Bank (WBK/AF-2) | O13: Not awarded | P13: 7. Agroforestry Saplings-seeds | T13: IF(AQ13="","",AQ13) | U13: 46142 | V13: 12 | W13: 46478 | X13: IF(W13<>"",W13,IF(OR(T13="",V13=""),"",EDATE(T13,V13))) | AA13: Under Awarding | AB13: The saplings PO has already been issued and PO for seeds is expected to be issued in November 2026 | AC13: IF(F13="","",IF(COUNT(AI13:AV13)=0,IF(AA13="","Not started",AA13),SUBSTITUTE(LOOKUP(2,1/(AI13:AV13<>""),$AI$3:$AV$3),"Date: ",""))) | AD13: IF(OR(F13="",COUNT(AI13:AV13)=0),"",TODAY()-LOOKUP(2,1/(AI13:AV13<>""),AI13:AV13)) | AE13: IF(OR(F13="",COUNT(AI13:AV13)<2),"",LOOKUP(2,1/(AI13:AV13<>""),AI13:AV13)-MIN(AI13:AV13)) | AF13: IF(OR(AD13="",AC13="Not started",AC13=""),"",IFERROR(AD13-IF(VLOOKUP(AC13,'06_Status_Pipeline'!$B$3:$E$20,4,FALSE)="",0,VLOOKUP(AC13,'06_Status_Pipeline'!$B$3:$E$20,4,FALSE)),"")) | AG13: IF(F13="","",IF(OR(AA13="Cancelled",AC13="Cancelled"),"Cancelled",IF(OR(AC13="Completed / Handover",Y13<>"",Z13>=100),"Completed — on track",IF(O13="Not awarded",IF(U13="",IF(X13="","No planned date",IF(TODAY()>X13,"Behind — past planned date",IF(X13-TODAY()<=30,"At risk — close to off track","On track"))),IF(TODAY()>U13,"Behind — award date passed",IF(U13-TODAY()<=30,"At risk — close to off track","On track"))),IF(X13="","No planned date",IF(AND(TODAY()>X13,OR(Z13="",Z13<100)),"Behind — past end date",IF(AND(T13<>"",X13<>"",Z13<>"",(Z13<100),((TODAY()-T13)/MAX(X13-T13,1)*100)-Z13>15),"Behind — progress lag",IF(AND(X13-TODAY()<=30,X13-TODAY()>=0,OR(Z13="",Z13<90)),"At risk — close to off track","On track")))))))) | AH13: IF(OR(F13="",AC13="Completed / Handover",AC13="Cancelled"),"",IF(O13="Not awarded",IF(U13<>"",U13-TODAY(),IF(X13="","",X13-TODAY())),IF(X13="","",X13-TODAY()))) | AW13: IF(OR(F13="",AJ13=""),"",IF(COUNT(AI13:AI13)=0,"",AJ13-LOOKUP(2,1/(AI13:AI13<>""),AI13:AI13))) | AX13: IF(OR(F13="",AK13=""),"",IF(COUNT(AI13:AJ13)=0,"",AK13-LOOKUP(2,1/(AI13:AJ13<>""),AI13:AJ13))) | AY13: IF(OR(F13="",AL13=""),"",IF(COUNT(AI13:AK13)=0,"",AL13-LOOKUP(2,1/(AI13:AK13<>""),AI13:AK13))) | AZ13: IF(OR(F13="",AM13=""),"",IF(COUNT(AI13:AL13)=0,"",AM13-LOOKUP(2,1/(AI13:AL13<>""),AI13:AL13))) | BA13: IF(OR(F13="",AN13=""),"",IF(COUNT(AI13:AM13)=0,"",AN13-LOOKUP(2,1/(AI13:AM13<>""),AI13:AM13))) | BB13: IF(OR(F13="",AO13=""),"",IF(COUNT(AI13:AN13)=0,"",AO13-LOOKUP(2,1/(AI13:AN13<>""),AI13:AN13))) | BC13: IF(OR(F13="",AP13=""),"",IF(COUNT(AI13:AO13)=0,"",AP13-LOOKUP(2,1/(AI13:AO13<>""),AI13:AO13))) | BD13: IF(OR(F13="",AQ13=""),"",IF(COUNT(AI13:AP13)=0,"",AQ13-LOOKUP(2,1/(AI13:AP13<>""),AI13:AP13))) | BE13: IF(OR(F13="",AR13=""),"",IF(COUNT(AI13:AQ13)=0,"",AR13-LOOKUP(2,1/(AI13:AQ13<>""),AI13:AQ13))) | BF13: IF(OR(F13="",AS13=""),"",IF(COUNT(AI13:AR13)=0,"",AS13-LOOKUP(2,1/(AI13:AR13<>""),AI13:AR13))) | BG13: IF(OR(F13="",AT13=""),"",IF(COUNT(AI13:AS13)=0,"",AT13-LOOKUP(2,1/(AI13:AS13<>""),AI13:AS13))) | BH13: IF(OR(F13="",AU13=""),"",IF(COUNT(AI13:AT13)=0,"",AU13-LOOKUP(2,1/(AI13:AT13<>""),AI13:AT13))) | BI13: IF(OR(F13="",AV13=""),"",IF(COUNT(AI13:AU13)=0,"",AV13-LOOKUP(2,1/(AI13:AU13<>""),AI13:AU13))) | BJ13: IF(J13="","All_Provinces",IFERROR(VLOOKUP(J13,'09_Lookups'!$A$4:$B$20,2,FALSE),"All_Provinces")) | BK13: IF(K13="","All_Districts",IFERROR(VLOOKUP(K13,'09_Lookups'!$E$4:$F$42,2,FALSE),"All_Districts"))
A14: IF(F14="","",ROW()-3) | B14: AF2-AGF-ALL | C14: Agroforestry saplings and seeds 2026/27 | D14: 11 of 39 | E14: AF2-AGF-N-011 | F14: Agroforestry — Daikundi / Sharistan | G14: Agroforestry saplings / seeds | H14: Saplings and seeds | I14: Emergency Food Security Project (EFSP) – WBK/AF-2 | J14: Central Highland / Bamyan | K14: Daikundi | L14: Sharistan | M14: Saplings: 7000; Seeds kg: 195.5 | N14: World Bank (WBK/AF-2) | O14: Not awarded | P14: 7. Agroforestry Saplings-seeds | T14: IF(AQ14="","",AQ14) | U14: 46142 | V14: 12 | W14: 46478 | X14: IF(W14<>"",W14,IF(OR(T14="",V14=""),"",EDATE(T14,V14))) | AA14: Under Awarding | AB14: The saplings PO has already been issued and PO for seeds is expected to be issued in November 2026 | AC14: IF(F14="","",IF(COUNT(AI14:AV14)=0,IF(AA14="","Not started",AA14),SUBSTITUTE(LOOKUP(2,1/(AI14:AV14<>""),$AI$3:$AV$3),"Date: ",""))) | AD14: IF(OR(F14="",COUNT(AI14:AV14)=0),"",TODAY()-LOOKUP(2,1/(AI14:AV14<>""),AI14:AV14)) | AE14: IF(OR(F14="",COUNT(AI14:AV14)<2),"",LOOKUP(2,1/(AI14:AV14<>""),AI14:AV14)-MIN(AI14:AV14)) | AF14: IF(OR(AD14="",AC14="Not started",AC14=""),"",IFERROR(AD14-IF(VLOOKUP(AC14,'06_Status_Pipeline'!$B$3:$E$20,4,FALSE)="",0,VLOOKUP(AC14,'06_Status_Pipeline'!$B$3:$E$20,4,FALSE)),"")) | AG14: IF(F14="","",IF(OR(AA14="Cancelled",AC14="Cancelled"),"Cancelled",IF(OR(AC14="Completed / Handover",Y14<>"",Z14>=100),"Completed — on track",IF(O14="Not awarded",IF(U14="",IF(X14="","No planned date",IF(TODAY()>X14,"Behind — past planned date",IF(X14-TODAY()<=30,"At risk — close to off track","On track"))),IF(TODAY()>U14,"Behind — award date passed",IF(U14-TODAY()<=30,"At risk — close to off track","On track"))),IF(X14="","No planned date",IF(AND(TODAY()>X14,OR(Z14="",Z14<100)),"Behind — past end date",IF(AND(T14<>"",X14<>"",Z14<>"",(Z14<100),((TODAY()-T14)/MAX(X14-T14,1)*100)-Z14>15),"Behind — progress lag",IF(AND(X14-TODAY()<=30,X14-TODAY()>=0,OR(Z14="",Z14<90)),"At risk — close to off track","On track")))))))) | AH14: IF(OR(F14="",AC14="Completed / Handover",AC14="Cancelled"),"",IF(O14="Not awarded",IF(U14<>"",U14-TODAY(),IF(X14="","",X14-TODAY())),IF(X14="","",X14-TODAY()))) | AW14: IF(OR(F14="",AJ14=""),"",IF(COUNT(AI14:AI14)=0,"",AJ14-LOOKUP(2,1/(AI14:AI14<>""),AI14:AI14))) | AX14: IF(OR(F14="",AK14=""),"",IF(COUNT(AI14:AJ14)=0,"",AK14-LOOKUP(2,1/(AI14:AJ14<>""),AI14:AJ14))) | AY14: IF(OR(F14="",AL14=""),"",IF(COUNT(AI14:AK14)=0,"",AL14-LOOKUP(2,1/(AI14:AK14<>""),AI14:AK14))) | AZ14: IF(OR(F14="",AM14=""),"",IF(COUNT(AI14:AL14)=0,"",AM14-LOOKUP(2,1/(AI14:AL14<>""),AI14:AL14))) | BA14: IF(OR(F14="",AN14=""),"",IF(COUNT(AI14:AM14)=0,"",AN14-LOOKUP(2,1/(AI14:AM14<>""),AI14:AM14))) | BB14: IF(OR(F14="",AO14=""),"",IF(COUNT(AI14:AN14)=0,"",AO14-LOOKUP(2,1/(AI14:AN14<>""),AI14:AN14))) | BC14: IF(OR(F14="",AP14=""),"",IF(COUNT(AI14:AO14)=0,"",AP14-LOOKUP(2,1/(AI14:AO14<>""),AI14:AO14))) | BD14: IF(OR(F14="",AQ14=""),"",IF(COUNT(AI14:AP14)=0,"",AQ14-LOOKUP(2,1/(AI14:AP14<>""),AI14:AP14))) | BE14: IF(OR(F14="",AR14=""),"",IF(COUNT(AI14:AQ14)=0,"",AR14-LOOKUP(2,1/(AI14:AQ14<>""),AI14:AQ14))) | BF14: IF(OR(F14="",AS14=""),"",IF(COUNT(AI14:AR14)=0,"",AS14-LOOKUP(2,1/(AI14:AR14<>""),AI14:AR14))) | BG14: IF(OR(F14="",AT14=""),"",IF(COUNT(AI14:AS14)=0,"",AT14-LOOKUP(2,1/(AI14:AS14<>""),AI14:AS14))) | BH14: IF(OR(F14="",AU14=""),"",IF(COUNT(AI14:AT14)=0,"",AU14-LOOKUP(2,1/(AI14:AT14<>""),AI14:AT14))) | BI14: IF(OR(F14="",AV14=""),"",IF(COUNT(AI14:AU14)=0,"",AV14-LOOKUP(2,1/(AI14:AU14<>""),AI14:AU14))) | BJ14: IF(J14="","All_Provinces",IFERROR(VLOOKUP(J14,'09_Lookups'!$A$4:$B$20,2,FALSE),"All_Provinces")) | BK14: IF(K14="","All_Districts",IFERROR(VLOOKUP(K14,'09_Lookups'!$E$4:$F$42,2,FALSE),"All_Districts"))
A15: IF(F15="","",ROW()-3) | B15: AF2-AGF-ALL | C15: Agroforestry saplings and seeds 2026/27 | D15: 12 of 39 | E15: AF2-AGF-N-012 | F15: Agroforestry — Faryab / Almar | G15: Agroforestry saplings / seeds | H15: Saplings and seeds | I15: Emergency Food Security Project (EFSP) – WBK/AF-2 | J15: North / Mazar | K15: Faryab | L15: Almar | M15: Saplings: 0; Seeds kg: 154 | N15: World Bank (WBK/AF-2) | O15: Not awarded | P15: 7. Agroforestry Saplings-seeds | T15: IF(AQ15="","",AQ15) | U15: 46142 | V15: 12 | W15: 46478 | X15: IF(W15<>"",W15,IF(OR(T15="",V15=""),"",EDATE(T15,V15))) | AA15: Under Awarding | AB15: The saplings PO has already been issued and PO for seeds is expected to be issued in November 2026 | AC15: IF(F15="","",IF(COUNT(AI15:AV15)=0,IF(AA15="","Not started",AA15),SUBSTITUTE(LOOKUP(2,1/(AI15:AV15<>""),$AI$3:$AV$3),"Date: ",""))) | AD15: IF(OR(F15="",COUNT(AI15:AV15)=0),"",TODAY()-LOOKUP(2,1/(AI15:AV15<>""),AI15:AV15)) | AE15: IF(OR(F15="",COUNT(AI15:AV15)<2),"",LOOKUP(2,1/(AI15:AV15<>""),AI15:AV15)-MIN(AI15:AV15)) | AF15: IF(OR(AD15="",AC15="Not started",AC15=""),"",IFERROR(AD15-IF(VLOOKUP(AC15,'06_Status_Pipeline'!$B$3:$E$20,4,FALSE)="",0,VLOOKUP(AC15,'06_Status_Pipeline'!$B$3:$E$20,4,FALSE)),"")) | AG15: IF(F15="","",IF(OR(AA15="Cancelled",AC15="Cancelled"),"Cancelled",IF(OR(AC15="Completed / Handover",Y15<>"",Z15>=100),"Completed — on track",IF(O15="Not awarded",IF(U15="",IF(X15="","No planned date",IF(TODAY()>X15,"Behind — past planned date",IF(X15-TODAY()<=30,"At risk — close to off track","On track"))),IF(TODAY()>U15,"Behind — award date passed",IF(U15-TODAY()<=30,"At risk — close to off track","On track"))),IF(X15="","No planned date",IF(AND(TODAY()>X15,OR(Z15="",Z15<100)),"Behind — past end date",IF(AND(T15<>"",X15<>"",Z15<>"",(Z15<100),((TODAY()-T15)/MAX(X15-T15,1)*100)-Z15>15),"Behind — progress lag",IF(AND(X15-TODAY()<=30,X15-TODAY()>=0,OR(Z15="",Z15<90)),"At risk — close to off track","On track")))))))) | AH15: IF(OR(F15="",AC15="Completed / Handover",AC15="Cancelled"),"",IF(O15="Not awarded",IF(U15<>"",U15-TODAY(),IF(X15="","",X15-TODAY())),IF(X15="","",X15-TODAY()))) | AW15: IF(OR(F15="",AJ15=""),"",IF(COUNT(AI15:AI15)=0,"",AJ15-LOOKUP(2,1/(AI15:AI15<>""),AI15:AI15))) | AX15: IF(OR(F15="",AK15=""),"",IF(COUNT(AI15:AJ15)=0,"",AK15-LOOKUP(2,1/(AI15:AJ15<>""),AI15:AJ15))) | AY15: IF(OR(F15="",AL15=""),"",IF(COUNT(AI15:AK15)=0,"",AL15-LOOKUP(2,1/(AI15:AK15<>""),AI15:AK15))) | AZ15: IF(OR(F15="",AM15=""),"",IF(COUNT(AI15:AL15)=0,"",AM15-LOOKUP(2,1/(AI15:AL15<>""),AI15:AL15))) | BA15: IF(OR(F15="",AN15=""),"",IF(COUNT(AI15:AM15)=0,"",AN15-LOOKUP(2,1/(AI15:AM15<>""),AI15:AM15))) | BB15: IF(OR(F15="",AO15=""),"",IF(COUNT(AI15:AN15)=0,"",AO15-LOOKUP(2,1/(AI15:AN15<>""),AI15:AN15))) | BC15: IF(OR(F15="",AP15=""),"",IF(COUNT(AI15:AO15)=0,"",AP15-LOOKUP(2,1/(AI15:AO15<>""),AI15:AO15))) | BD15: IF(OR(F15="",AQ15=""),"",IF(COUNT(AI15:AP15)=0,"",AQ15-LOOKUP(2,1/(AI15:AP15<>""),AI15:AP15))) | BE15: IF(OR(F15="",AR15=""),"",IF(COUNT(AI15:AQ15)=0,"",AR15-LOOKUP(2,1/(AI15:AQ15<>""),AI15:AQ15))) | BF15: IF(OR(F15="",AS15=""),"",IF(COUNT(AI15:AR15)=0,"",AS15-LOOKUP(2,1/(AI15:AR15<>""),AI15:AR15))) | BG15: IF(OR(F15="",AT15=""),"",IF(COUNT(AI15:AS15)=0,"",AT15-LOOKUP(2,1/(AI15:AS15<>""),AI15:AS15))) | BH15: IF(OR(F15="",AU15=""),"",IF(COUNT(AI15:AT15)=0,"",AU15-LOOKUP(2,1/(AI15:AT15<>""),AI15:AT15))) | BI15: IF(OR(F15="",AV15=""),"",IF(COUNT(AI15:AU15)=0,"",AV15-LOOKUP(2,1/(AI15:AU15<>""),AI15:AU15))) | BJ15: IF(J15="","All_Provinces",IFERROR(VLOOKUP(J15,'09_Lookups'!$A$4:$B$20,2,FALSE),"All_Provinces")) | BK15: IF(K15="","All_Districts",IFERROR(VLOOKUP(K15,'09_Lookups'!$E$4:$F$42,2,FALSE),"All_Districts"))
... A42: IF(F42="","",ROW()-3) | B42: AF2-AGF-ALL | C42: Agroforestry saplings and seeds 2026/27 | D42: 39 of 39 | E42: AF2-AGF-N-039 | F42: Agroforestry — Takhar / Bangi | G42: Agroforestry saplings / seeds | H42: Saplings and seeds | I42: Emergency Food Security Project (EFSP) – WBK/AF-2 | J42: Northeast / Kunduz | K42: Takhar | L42: Bangi | M42: Saplings: 8500; Seeds kg: 234 | N42: World Bank (WBK/AF-2) | O42: Not awarded | P42: 7. Agroforestry Saplings-seeds | T42: IF(AQ42="","",AQ42) | U42: 46142 | V42: 12 | W42: 46478 | X42: IF(W42<>"",W42,IF(OR(T42="",V42=""),"",EDATE(T42,V42))) | AA42: Under Awarding | AB42: The saplings PO has already been issued and PO for seeds is expected to be issued in November 2026 | AC42: IF(F42="","",IF(COUNT(AI42:AV42)=0,IF(AA42="","Not started",AA42),SUBSTITUTE(LOOKUP(2,1/(AI42:AV42<>""),$AI$3:$AV$3),"Date: ",""))) | AD42: IF(OR(F42="",COUNT(AI42:AV42)=0),"",TODAY()-LOOKUP(2,1/(AI42:AV42<>""),AI42:AV42)) | AE42: IF(OR(F42="",COUNT(AI42:AV42)<2),"",LOOKUP(2,1/(AI42:AV42<>""),AI42:AV42)-MIN(AI42:AV42)) | AF42: IF(OR(AD42="",AC42="Not started",AC42=""),"",IFERROR(AD42-IF(VLOOKUP(AC42,'06_Status_Pipeline'!$B$3:$E$20,4,FALSE)="",0,VLOOKUP(AC42,'06_Status_Pipeline'!$B$3:$E$20,4,FALSE)),"")) | AG42: IF(F42="","",IF(OR(AA42="Cancelled",AC42="Cancelled"),"Cancelled",IF(OR(AC42="Completed / Handover",Y42<>"",Z42>=100),"Completed — on track",IF(O42="Not awarded",IF(U42="",IF(X42="","No planned date",IF(TODAY()>X42,"Behind — past planned date",IF(X42-TODAY()<=30,"At risk — close to off track","On track"))),IF(TODAY()>U42,"Behind — award date passed",IF(U42-TODAY()<=30,"At risk — close to off track","On track"))),IF(X42="","No planned date",IF(AND(TODAY()>X42,OR(Z42="",Z42<100)),"Behind — past end date",IF(AND(T42<>"",X42<>"",Z42<>"",(Z42<100),((TODAY()-T42)/MAX(X42-T42,1)*100)-Z42>15),"Behind — progress lag",IF(AND(X42-TODAY()<=30,X42-TODAY()>=0,OR(Z42="",Z42<90)),"At risk — close to off track","On track")))))))) | AH42: IF(OR(F42="",AC42="Completed / Handover",AC42="Cancelled"),"",IF(O42="Not awarded",IF(U42<>"",U42-TODAY(),IF(X42="","",X42-TODAY())),IF(X42="","",X42-TODAY()))) | AW42: IF(OR(F42="",AJ42=""),"",IF(COUNT(AI42:AI42)=0,"",AJ42-LOOKUP(2,1/(AI42:AI42<>""),AI42:AI42))) | AX42: IF(OR(F42="",AK42=""),"",IF(COUNT(AI42:AJ42)=0,"",AK42-LOOKUP(2,1/(AI42:AJ42<>""),AI42:AJ42))) | AY42: IF(OR(F42="",AL42=""),"",IF(COUNT(AI42:AK42)=0,"",AL42-LOOKUP(2,1/(AI42:AK42<>""),AI42:AK42))) | AZ42: IF(OR(F42="",AM42=""),"",IF(COUNT(AI42:AL42)=0,"",AM42-LOOKUP(2,1/(AI42:AL42<>""),AI42:AL42))) | BA42: IF(OR(F42="",AN42=""),"",IF(COUNT(AI42:AM42)=0,"",AN42-LOOKUP(2,1/(AI42:AM42<>""),AI42:AM42))) | BB42: IF(OR(F42="",AO42=""),"",IF(COUNT(AI42:AN42)=0,"",AO42-LOOKUP(2,1/(AI42:AN42<>""),AI42:AN42))) | BC42: IF(OR(F42="",AP42=""),"",IF(COUNT(AI42:AO42)=0,"",AP42-LOOKUP(2,1/(AI42:AO42<>""),AI42:AO42))) | BD42: IF(OR(F42="",AQ42=""),"",IF(COUNT(AI42:AP42)=0,"",AQ42-LOOKUP(2,1/(AI42:AP42<>""),AI42:AP42))) | BE42: IF(OR(F42="",AR42=""),"",IF(COUNT(AI42:AQ42)=0,"",AR42-LOOKUP(2,1/(AI42:AQ42<>""),AI42:AQ42))) | BF42: IF(OR(F42="",AS42=""),"",IF(COUNT(AI42:AR42)=0,"",AS42-LOOKUP(2,1/(AI42:AR42<>""),AI42:AR42))) | BG42: IF(OR(F42="",AT42=""),"",IF(COUNT(AI42:AS42)=0,"",AT42-LOOKUP(2,1/(AI42:AS42<>""),AI42:AS42))) | BH42: IF(OR(F42="",AU42=""),"",IF(COUNT(AI42:AT42)=0,"",AU42-LOOKUP(2,1/(AI42:AT42<>""),AI42:AT42))) | BI42: IF(OR(F42="",AV42=""),"",IF(COUNT(AI42:AU42)=0,"",AV42-LOOKUP(2,1/(AI42:AU42<>""),AI42:AU42))) | BJ42: IF(J42="","All_Provinces",IFERROR(VLOOKUP(J42,'09_Lookups'!$A$4:$B$20,2,FALSE),"All_Provinces")) | BK42: IF(K42="","All_Districts",IFERROR(VLOOKUP(K42,'09_Lookups'!$E$4:$F$42,2,FALSE),"All_Districts"))
A43: IF(F43="","",ROW()-3) | B43: AF2-DIS-01 | C43: Package #1.B-WBK/AF2 DIS: Demonstration 7 Drip irrigation schemes of 1. Doormishi, 2. Khodrawan, 3. Karez Naw, 4.Koklam Olia, 5. Koklam Sofla, 6 Joi Sultani and 7. Kushk Kohna in Kushk Rabat Sangi and Kushk e Kohna Districts of Herat Province. | D43: 1 of 7 | E43: AF2-DIS-N-001 | F43: Doormishi Drip Irrigation Scheme | G43: Drip Irrigation | H43: Drip Irrigation Plot | I43: Emergency Food Security Project (EFSP) – WBK/AF-2 | J43: West / Herat | K43: Herat | L43: Kushk e Rabat Sangi | M43: Dormishi | N43: World Bank (WBK/AF-2) | O43: Not awarded | P43: 5. Drip Irrigation systems | Q43: Abdul Qayum | S43: 6771.4 | T43: IF(AQ43="","",AQ43) | U43: 46371 | V43: 4.4 | W43: 46506 | X43: IF(W43<>"",W43,IF(OR(T43="",V43=""),"",EDATE(T43,V43))) | AA43: Retendered (Re-ITB) | AB43: Work starting from March 2026. A total of 90 days for completion Slack period until end February 2026. | Farmer: Abdul Qayum | AC43: IF(F43="","",IF(COUNT(AI43:AV43)=0,IF(AA43="","Not started",AA43),SUBSTITUTE(LOOKUP(2,1/(AI43:AV43<>""),$AI$3:$AV$3),"Date: ",""))) | AD43: IF(OR(F43="",COUNT(AI43:AV43)=0),"",TODAY()-LOOKUP(2,1/(AI43:AV43<>""),AI43:AV43)) | AE43: IF(OR(F43="",COUNT(AI43:AV43)<2),"",LOOKUP(2,1/(AI43:AV43<>""),AI43:AV43)-MIN(AI43:AV43)) | AF43: IF(OR(AD43="",AC43="Not started",AC43=""),"",IFERROR(AD43-IF(VLOOKUP(AC43,'06_Status_Pipeline'!$B$3:$E$20,4,FALSE)="",0,VLOOKUP(AC43,'06_Status_Pipeline'!$B$3:$E$20,4,FALSE)),"")) | AG43: IF(F43="","",IF(OR(AA43="Cancelled",AC43="Cancelled"),"Cancelled",IF(OR(AC43="Completed / Handover",Y43<>"",Z43>=100),"Completed — on track",IF(O43="Not awarded",IF(U43="",IF(X43="","No planned date",IF(TODAY()>X43,"Behind — past planned date",IF(X43-TODAY()<=30,"At risk — close to off track","On track"))),IF(TODAY()>U43,"Behind — award date passed",IF(U43-TODAY()<=30,"At risk — close to off track","On track"))),IF(X43="","No planned date",IF(AND(TODAY()>X43,OR(Z43="",Z43<100)),"Behind — past end date",IF(AND(T43<>"",X43<>"",Z43<>"",(Z43<100),((TODAY()-T43)/MAX(X43-T43,1)*100)-Z43>15),"Behind — progress lag",IF(AND(X43-TODAY()<=30,X43-TODAY()>=0,OR(Z43="",Z43<90)),"At risk — close to off track","On track")))))))) | AH43: IF(OR(F43="",AC43="Completed / Handover",AC43="Cancelled"),"",IF(O43="Not awarded",IF(U43<>"",U43-TODAY(),IF(X43="","",X43-TODAY())),IF(X43="","",X43-TODAY()))) | AW43: IF(OR(F43="",AJ43=""),"",IF(COUNT(AI43:AI43)=0,"",AJ43-LOOKUP(2,1/(AI43:AI43<>""),AI43:AI43))) | AX43: IF(OR(F43="",AK43=""),"",IF(COUNT(AI43:AJ43)=0,"",AK43-LOOKUP(2,1/(AI43:AJ43<>""),AI43:AJ43))) | AY43: IF(OR(F43="",AL43=""),"",IF(COUNT(AI43:AK43)=0,"",AL43-LOOKUP(2,1/(AI43:AK43<>""),AI43:AK43))) | AZ43: IF(OR(F43="",AM43=""),"",IF(COUNT(AI43:AL43)=0,"",AM43-LOOKUP(2,1/(AI43:AL43<>""),AI43:AL43))) | BA43: IF(OR(F43="",AN43=""),"",IF(COUNT(AI43:AM43)=0,"",AN43-LOOKUP(2,1/(AI43:AM43<>""),AI43:AM43))) | BB43: IF(OR(F43="",AO43=""),"",IF(COUNT(AI43:AN43)=0,"",AO43-LOOKUP(2,1/(AI43:AN43<>""),AI43:AN43))) | BC43: IF(OR(F43="",AP43=""),"",IF(COUNT(AI43:AO43)=0,"",AP43-LOOKUP(2,1/(AI43:AO43<>""),AI43:AO43))) | BD43: IF(OR(F43="",AQ43=""),"",IF(COUNT(AI43:AP43)=0,"",AQ43-LOOKUP(2,1/(AI43:AP43<>""),AI43:AP43))) | BE43: IF(OR(F43="",AR43=""),"",IF(COUNT(AI43:AQ43)=0,"",AR43-LOOKUP(2,1/(AI43:AQ43<>""),AI43:AQ43))) | BF43: IF(OR(F43="",AS43=""),"",IF(COUNT(AI43:AR43)=0,"",AS43-LOOKUP(2,1/(AI43:AR43<>""),AI43:AR43))) | BG43: IF(OR(F43="",AT43=""),"",IF(COUNT(AI43:AS43)=0,"",AT43-LOOKUP(2,1/(AI43:AS43<>""),AI43:AS43))) | BH43: IF(OR(F43="",AU43=""),"",IF(COUNT(AI43:AT43)=0,"",AU43-LOOKUP(2,1/(AI43:AT43<>""),AI43:AT43))) | BI43: IF(OR(F43="",AV43=""),"",IF(COUNT(AI43:AU43)=0,"",AV43-LOOKUP(2,1/(AI43:AU43<>""),AI43:AU43))) | BJ43: IF(J43="","All_Provinces",IFERROR(VLOOKUP(J43,'09_Lookups'!$A$4:$B$20,2,FALSE),"All_Provinces")) | BK43: IF(K43="","All_Districts",IFERROR(VLOOKUP(K43,'09_Lookups'!$E$4:$F$42,2,FALSE),"All_Districts"))
A44: IF(F44="","",ROW()-3) | B44: AF2-DIS-01 | C44: Package #1.B-WBK/AF2 DIS: Demonstration 7 Drip irrigation schemes of 1. Doormishi, 2. Khodrawan, 3. Karez Naw, 4.Koklam Olia, 5. Koklam Sofla, 6 Joi Sultani and 7. Kushk Kohna in Kushk Rabat Sangi and Kushk e Kohna Districts of Herat Province. | D44: 2 of 7 | E44: AF2-DIS-N-002 | F44: Joi Sultani Drip Irrigation schemes | G44: Drip Irrigation | H44: Drip Irrigation Plot | I44: Emergency Food Security Project (EFSP) – WBK/AF-2 | J44: West / Herat | K44: Herat | L44: Kushk e Kohna | M44: Joy sultany | N44: World Bank (WBK/AF-2) | O44: Not awarded | P44: 5. Drip Irrigation systems | Q44: Habiburahman | S44: 6417.22 | T44: IF(AQ44="","",AQ44) | U44: 46371 | V44: 4.4 | W44: 46506 | X44: IF(W44<>"",W44,IF(OR(T44="",V44=""),"",EDATE(T44,V44))) | AA44: Retendered (Re-ITB) | AB44: Work starting from March 2026. A total of 90 days for completion Slack period until end February 2026. | Farmer: Habiburahman | AC44: IF(F44="","",IF(COUNT(AI44:AV44)=0,IF(AA44="","Not started",AA44),SUBSTITUTE(LOOKUP(2,1/(AI44:AV44<>""),$AI$3:$AV$3),"Date: ",""))) | AD44: IF(OR(F44="",COUNT(AI44:AV44)=0),"",TODAY()-LOOKUP(2,1/(AI44:AV44<>""),AI44:AV44)) | AE44: IF(OR(F44="",COUNT(AI44:AV44)<2),"",LOOKUP(2,1/(AI44:AV44<>""),AI44:AV44)-MIN(AI44:AV44)) | AF44: IF(OR(AD44="",AC44="Not started",AC44=""),"",IFERROR(AD44-IF(VLOOKUP(AC44,'06_Status_Pipeline'!$B$3:$E$20,4,FALSE)="",0,VLOOKUP(AC44,'06_Status_Pipeline'!$B$3:$E$20,4,FALSE)),"")) | AG44: IF(F44="","",IF(OR(AA44="Cancelled",AC44="Cancelled"),"Cancelled",IF(OR(AC44="Completed / Handover",Y44<>"",Z44>=100),"Completed — on track",IF(O44="Not awarded",IF(U44="",IF(X44="","No planned date",IF(TODAY()>X44,"Behind — past planned date",IF(X44-TODAY()<=30,"At risk — close to off track","On track"))),IF(TODAY()>U44,"Behind — award date passed",IF(U44-TODAY()<=30,"At risk — close to off track","On track"))),IF(X44="","No planned date",IF(AND(TODAY()>X44,OR(Z44="",Z44<100)),"Behind — past end date",IF(AND(T44<>"",X44<>"",Z44<>"",(Z44<100),((TODAY()-T44)/MAX(X44-T44,1)*100)-Z44>15),"Behind — progress lag",IF(AND(X44-TODAY()<=30,X44-TODAY()>=0,OR(Z44="",Z44<90)),"At risk — close to off track","On track")))))))) | AH44: IF(OR(F44="",AC44="Completed / Handover",AC44="Cancelled"),"",IF(O44="Not awarded",IF(U44<>"",U44-TODAY(),IF(X44="","",X44-TODAY())),IF(X44="","",X44-TODAY()))) | AW44: IF(OR(F44="",AJ44=""),"",IF(COUNT(AI44:AI44)=0,"",AJ44-LOOKUP(2,1/(AI44:AI44<>""),AI44:AI44))) | AX44: IF(OR(F44="",AK44=""),"",IF(COUNT(AI44:AJ44)=0,"",AK44-LOOKUP(2,1/(AI44:AJ44<>""),AI44:AJ44))) | AY44: IF(OR(F44="",AL44=""),"",IF(COUNT(AI44:AK44)=0,"",AL44-LOOKUP(2,1/(AI44:AK44<>""),AI44:AK44))) | AZ44: IF(OR(F44="",AM44=""),"",IF(COUNT(AI44:AL44)=0,"",AM44-LOOKUP(2,1/(AI44:AL44<>""),AI44:AL44))) | BA44: IF(OR(F44="",AN44=""),"",IF(COUNT(AI44:AM44)=0,"",AN44-LOOKUP(2,1/(AI44:AM44<>""),AI44:AM44))) | BB44: IF(OR(F44="",AO44=""),"",IF(COUNT(AI44:AN44)=0,"",AO44-LOOKUP(2,1/(AI44:AN44<>""),AI44:AN44))) | BC44: IF(OR(F44="",AP44=""),"",IF(COUNT(AI44:AO44)=0,"",AP44-LOOKUP(2,1/(AI44:AO44<>""),AI44:AO44))) | BD44: IF(OR(F44="",AQ44=""),"",IF(COUNT(AI44:AP44)=0,"",AQ44-LOOKUP(2,1/(AI44:AP44<>""),AI44:AP44))) | BE44: IF(OR(F44="",AR44=""),"",IF(COUNT(AI44:AQ44)=0,"",AR44-LOOKUP(2,1/(AI44:AQ44<>""),AI44:AQ44))) | BF44: IF(OR(F44="",AS44=""),"",IF(COUNT(AI44:AR44)=0,"",AS44-LOOKUP(2,1/(AI44:AR44<>""),AI44:AR44))) | BG44: IF(OR(F44="",AT44=""),"",IF(COUNT(AI44:AS44)=0,"",AT44-LOOKUP(2,1/(AI44:AS44<>""),AI44:AS44))) | BH44: IF(OR(F44="",AU44=""),"",IF(COUNT(AI44:AT44)=0,"",AU44-LOOKUP(2,1/(AI44:AT44<>""),AI44:AT44))) | BI44: IF(OR(F44="",AV44=""),"",IF(COUNT(AI44:AU44)=0,"",AV44-LOOKUP(2,1/(AI44:AU44<>""),AI44:AU44))) | BJ44: IF(J44="","All_Provinces",IFERROR(VLOOKUP(J44,'09_Lookups'!$A$4:$B$20,2,FALSE),"All_Provinces")) | BK44: IF(K44="","All_Districts",IFERROR(VLOOKUP(K44,'09_Lookups'!$E$4:$F$42,2,FALSE),"All_Districts"))
A45: IF(F45="","",ROW()-3) | B45: AF2-DIS-01 | C45: Package #1.B-WBK/AF2 DIS: Demonstration 7 Drip irrigation schemes of 1. Doormishi, 2. Khodrawan, 3. Karez Naw, 4.Koklam Olia, 5. Koklam Sofla, 6 Joi Sultani and 7. Kushk Kohna in Kushk Rabat Sangi and Kushk e Kohna Districts of Herat Province. | D45: 3 of 7 | E45: AF2-DIS-N-003 | F45: Karez Naw Drip Irrigation schemes | G45: Drip Irrigation | H45: Drip Irrigation Plot | I45: Emergency Food Security Project (EFSP) – WBK/AF-2 | J45: West / Herat | K45: Herat | L45: Kushk e Rabat Sangi | M45: Karez Naw | N45: World Bank (WBK/AF-2) | O45: Not awarded | P45: 5. Drip Irrigation systems | Q45: Ghulam Mahboob | S45: 8066.29 | T45: IF(AQ45="","",AQ45) | U45: 46371 | V45: 4.4 | W45: 46506 | X45: IF(W45<>"",W45,IF(OR(T45="",V45=""),"",EDATE(T45,V45))) | AA45: Retendered (Re-ITB) | AB45: Work starting from March 2026. A total of 90 days for completion Slack period until end February 2026. | Farmer: Ghulam Mahboob | AC45: IF(F45="","",IF(COUNT(AI45:AV45)=0,IF(AA45="","Not started",AA45),SUBSTITUTE(LOOKUP(2,1/(AI45:AV45<>""),$AI$3:$AV$3),"Date: ",""))) | AD45: IF(OR(F45="",COUNT(AI45:AV45)=0),"",TODAY()-LOOKUP(2,1/(AI45:AV45<>""),AI45:AV45)) | AE45: IF(OR(F45="",COUNT(AI45:AV45)<2),"",LOOKUP(2,1/(AI45:AV45<>""),AI45:AV45)-MIN(AI45:AV45)) | AF45: IF(OR(AD45="",AC45="Not started",AC45=""),"",IFERROR(AD45-IF(VLOOKUP(AC45,'06_Status_Pipeline'!$B$3:$E$20,4,FALSE)="",0,VLOOKUP(AC45,'06_Status_Pipeline'!$B$3:$E$20,4,FALSE)),"")) | AG45: IF(F45="","",IF(OR(AA45="Cancelled",AC45="Cancelled"),"Cancelled",IF(OR(AC45="Completed / Handover",Y45<>"",Z45>=100),"Completed — on track",IF(O45="Not awarded",IF(U45="",IF(X45="","No planned date",IF(TODAY()>X45,"Behind — past planned date",IF(X45-TODAY()<=30,"At risk — close to off track","On track"))),IF(TODAY()>U45,"Behind — award date passed",IF(U45-TODAY()<=30,"At risk — close to off track","On track"))),IF(X45="","No planned date",IF(AND(TODAY()>X45,OR(Z45="",Z45<100)),"Behind — past end date",IF(AND(T45<>"",X45<>"",Z45<>"",(Z45<100),((TODAY()-T45)/MAX(X45-T45,1)*100)-Z45>15),"Behind — progress lag",IF(AND(X45-TODAY()<=30,X45-TODAY()>=0,OR(Z45="",Z45<90)),"At risk — close to off track","On track")))))))) | AH45: IF(OR(F45="",AC45="Completed / Handover",AC45="Cancelled"),"",IF(O45="Not awarded",IF(U45<>"",U45-TODAY(),IF(X45="","",X45-TODAY())),IF(X45="","",X45-TODAY()))) | AW45: IF(OR(F45="",AJ45=""),"",IF(COUNT(AI45:AI45)=0,"",AJ45-LOOKUP(2,1/(AI45:AI45<>""),AI45:AI45))) | AX45: IF(OR(F45="",AK45=""),"",IF(COUNT(AI45:AJ45)=0,"",AK45-LOOKUP(2,1/(AI45:AJ45<>""),AI45:AJ45))) | AY45: IF(OR(F45="",AL45=""),"",IF(COUNT(AI45:AK45)=0,"",AL45-LOOKUP(2,1/(AI45:AK45<>""),AI45:AK45))) | AZ45: IF(OR(F45="",AM45=""),"",IF(COUNT(AI45:AL45)=0,"",AM45-LOOKUP(2,1/(AI45:AL45<>""),AI45:AL45))) | BA45: IF(OR(F45="",AN45=""),"",IF(COUNT(AI45:AM45)=0,"",AN45-LOOKUP(2,1/(AI45:AM45<>""),AI45:AM45))) | BB45: IF(OR(F45="",AO45=""),"",IF(COUNT(AI45:AN45)=0,"",AO45-LOOKUP(2,1/(AI45:AN45<>""),AI45:AN45))) | BC45: IF(OR(F45="",AP45=""),"",IF(COUNT(AI45:AO45)=0,"",AP45-LOOKUP(2,1/(AI45:AO45<>""),AI45:AO45))) | BD45: IF(OR(F45="",AQ45=""),"",IF(COUNT(AI45:AP45)=0,"",AQ45-LOOKUP(2,1/(AI45:AP45<>""),AI45:AP45))) | BE45: IF(OR(F45="",AR45=""),"",IF(COUNT(AI45:AQ45)=0,"",AR45-LOOKUP(2,1/(AI45:AQ45<>""),AI45:AQ45))) | BF45: IF(OR(F45="",AS45=""),"",IF(COUNT(AI45:AR45)=0,"",AS45-LOOKUP(2,1/(AI45:AR45<>""),AI45:AR45))) | BG45: IF(OR(F45="",AT45=""),"",IF(COUNT(AI45:AS45)=0,"",AT45-LOOKUP(2,1/(AI45:AS45<>""),AI45:AS45))) | BH45: IF(OR(F45="",AU45=""),"",IF(COUNT(AI45:AT45)=0,"",AU45-LOOKUP(2,1/(AI45:AT45<>""),AI45:AT45))) | BI45: IF(OR(F45="",AV45=""),"",IF(COUNT(AI45:AU45)=0,"",AV45-LOOKUP(2,1/(AI45:AU45<>""),AI45:AU45))) | BJ45: IF(J45="","All_Provinces",IFERROR(VLOOKUP(J45,'09_Lookups'!$A$4:$B$20,2,FALSE),"All_Provinces")) | BK45: IF(K45="","All_Districts",IFERROR(VLOOKUP(K45,'09_Lookups'!$E$4:$F$42,2,FALSE),"All_Districts"))
A46: IF(F46="","",ROW()-3) | B46: AF2-DIS-01 | C46: Package #1.B-WBK/AF2 DIS: Demonstration 7 Drip irrigation schemes of 1. Doormishi, 2. Khodrawan, 3. Karez Naw, 4.Koklam Olia, 5. Koklam Sofla, 6 Joi Sultani and 7. Kushk Kohna in Kushk Rabat Sangi and Kushk e Kohna Districts of Herat Province. | D46: 4 of 7 | E46: AF2-DIS-N-004 | F46: Khodrawan Drip Irrigation schemes | G46: Drip Irrigation | H46: Drip Irrigation Plot | I46: Emergency Food Security Project (EFSP) – WBK/AF-2 | J46: West / Herat | K46: Herat | L46: Kushk e Rabat Sangi | M46: Khodrawan | N46: World Bank (WBK/AF-2) | O46: Not awarded | P46: 5. Drip Irrigation systems | Q46: Sadullah | S46: 8259.97 | T46: IF(AQ46="","",AQ46) | U46: 46371 | V46: 4.4 | W46: 46506 | X46: IF(W46<>"",W46,IF(OR(T46="",V46=""),"",EDATE(T46,V46))) | AA46: Retendered (Re-ITB) | AB46: Work starting from March 2026. A total of 90 days for completion Slack period until end February 2026. | Farmer: Sadullah | AC46: IF(F46="","",IF(COUNT(AI46:AV46)=0,IF(AA46="","Not started",AA46),SUBSTITUTE(LOOKUP(2,1/(AI46:AV46<>""),$AI$3:$AV$3),"Date: ",""))) | AD46: IF(OR(F46="",COUNT(AI46:AV46)=0),"",TODAY()-LOOKUP(2,1/(AI46:AV46<>""),AI46:AV46)) | AE46: IF(OR(F46="",COUNT(AI46:AV46)<2),"",LOOKUP(2,1/(AI46:AV46<>""),AI46:AV46)-MIN(AI46:AV46)) | AF46: IF(OR(AD46="",AC46="Not started",AC46=""),"",IFERROR(AD46-IF(VLOOKUP(AC46,'06_Status_Pipeline'!$B$3:$E$20,4,FALSE)="",0,VLOOKUP(AC46,'06_Status_Pipeline'!$B$3:$E$20,4,FALSE)),"")) | AG46: IF(F46="","",IF(OR(AA46="Cancelled",AC46="Cancelled"),"Cancelled",IF(OR(AC46="Completed / Handover",Y46<>"",Z46>=100),"Completed — on track",IF(O46="Not awarded",IF(U46="",IF(X46="","No planned date",IF(TODAY()>X46,"Behind — past planned date",IF(X46-TODAY()<=30,"At risk — close to off track","On track"))),IF(TODAY()>U46,"Behind — award date passed",IF(U46-TODAY()<=30,"At risk — close to off track","On track"))),IF(X46="","No planned date",IF(AND(TODAY()>X46,OR(Z46="",Z46<100)),"Behind — past end date",IF(AND(T46<>"",X46<>"",Z46<>"",(Z46<100),((TODAY()-T46)/MAX(X46-T46,1)*100)-Z46>15),"Behind — progress lag",IF(AND(X46-TODAY()<=30,X46-TODAY()>=0,OR(Z46="",Z46<90)),"At risk — close to off track","On track")))))))) | AH46: IF(OR(F46="",AC46="Completed / Handover",AC46="Cancelled"),"",IF(O46="Not awarded",IF(U46<>"",U46-TODAY(),IF(X46="","",X46-TODAY())),IF(X46="","",X46-TODAY()))) | AW46: IF(OR(F46="",AJ46=""),"",IF(COUNT(AI46:AI46)=0,"",AJ46-LOOKUP(2,1/(AI46:AI46<>""),AI46:AI46))) | AX46: IF(OR(F46="",AK46=""),"",IF(COUNT(AI46:AJ46)=0,"",AK46-LOOKUP(2,1/(AI46:AJ46<>""),AI46:AJ46))) | AY46: IF(OR(F46="",AL46=""),"",IF(COUNT(AI46:AK46)=0,"",AL46-LOOKUP(2,1/(AI46:AK46<>""),AI46:AK46))) | AZ46: IF(OR(F46="",AM46=""),"",IF(COUNT(AI46:AL46)=0,"",AM46-LOOKUP(2,1/(AI46:AL46<>""),AI46:AL46))) | BA46: IF(OR(F46="",AN46=""),"",IF(COUNT(AI46:AM46)=0,"",AN46-LOOKUP(2,1/(AI46:AM46<>""),AI46:AM46))) | BB46: IF(OR(F46="",AO46=""),"",IF(COUNT(AI46:AN46)=0,"",AO46-LOOKUP(2,1/(AI46:AN46<>""),AI46:AN46))) | BC46: IF(OR(F46="",AP46=""),"",IF(COUNT(AI46:AO46)=0,"",AP46-LOOKUP(2,1/(AI46:AO46<>""),AI46:AO46))) | BD46: IF(OR(F46="",AQ46=""),"",IF(COUNT(AI46:AP46)=0,"",AQ46-LOOKUP(2,1/(AI46:AP46<>""),AI46:AP46))) | BE46: IF(OR(F46="",AR46=""),"",IF(COUNT(AI46:AQ46)=0,"",AR46-LOOKUP(2,1/(AI46:AQ46<>""),AI46:AQ46))) | BF46: IF(OR(F46="",AS46=""),"",IF(COUNT(AI46:AR46)=0,"",AS46-LOOKUP(2,1/(AI46:AR46<>""),AI46:AR46))) | BG46: IF(OR(F46="",AT46=""),"",IF(COUNT(AI46:AS46)=0,"",AT46-LOOKUP(2,1/(AI46:AS46<>""),AI46:AS46))) | BH46: IF(OR(F46="",AU46=""),"",IF(COUNT(AI46:AT46)=0,"",AU46-LOOKUP(2,1/(AI46:AT46<>""),AI46:AT46))) | BI46: IF(OR(F46="",AV46=""),"",IF(COUNT(AI46:AU46)=0,"",AV46-LOOKUP(2,1/(AI46:AU46<>""),AI46:AU46))) | BJ46: IF(J46="","All_Provinces",IFERROR(VLOOKUP(J46,'09_Lookups'!$A$4:$B$20,2,FALSE),"All_Provinces")) | BK46: IF(K46="","All_Districts",IFERROR(VLOOKUP(K46,'09_Lookups'!$E$4:$F$42,2,FALSE),"All_Districts"))
A47: IF(F47="","",ROW()-3) | B47: AF2-DIS-01 | C47: Package #1.B-WBK/AF2 DIS: Demonstration 7 Drip irrigation schemes of 1. Doormishi, 2. Khodrawan, 3. Karez Naw, 4.Koklam Olia, 5. Koklam Sofla, 6 Joi Sultani and 7. Kushk Kohna in Kushk Rabat Sangi and Kushk e Kohna Districts of Herat Province. | D47: 5 of 7 | E47: AF2-DIS-N-005 | F47: Koklam Olia Drip Irrigation schemes | G47: Drip Irrigation | H47: Drip Irrigation Plot | I47: Emergency Food Security Project (EFSP) – WBK/AF-2 | J47: West / Herat | K47: Herat | L47: Kushk e Kohna | M47: Koklam Olia | N47: World Bank (WBK/AF-2) | O47: Not awarded | P47: 5. Drip Irrigation systems | Q47: Fazl Ahmad | S47: 9545.19 | T47: IF(AQ47="","",AQ47) | U47: 46371 | V47: 4.4 | W47: 46506 | X47: IF(W47<>"",W47,IF(OR(T47="",V47=""),"",EDATE(T47,V47))) | AA47: Retendered (Re-ITB) | AB47: Work starting from March 2026. A total of 90 days for completion Slack period until end February 2026. | Farmer: Fazl Ahmad | AC47: IF(F47="","",IF(COUNT(AI47:AV47)=0,IF(AA47="","Not started",AA47),SUBSTITUTE(LOOKUP(2,1/(AI47:AV47<>""),$AI$3:$AV$3),"Date: ",""))) | AD47: IF(OR(F47="",COUNT(AI47:AV47)=0),"",TODAY()-LOOKUP(2,1/(AI47:AV47<>""),AI47:AV47)) | AE47: IF(OR(F47="",COUNT(AI47:AV47)<2),"",LOOKUP(2,1/(AI47:AV47<>""),AI47:AV47)-MIN(AI47:AV47)) | AF47: IF(OR(AD47="",AC47="Not started",AC47=""),"",IFERROR(AD47-IF(VLOOKUP(AC47,'06_Status_Pipeline'!$B$3:$E$20,4,FALSE)="",0,VLOOKUP(AC47,'06_Status_Pipeline'!$B$3:$E$20,4,FALSE)),"")) | AG47: IF(F47="","",IF(OR(AA47="Cancelled",AC47="Cancelled"),"Cancelled",IF(OR(AC47="Completed / Handover",Y47<>"",Z47>=100),"Completed — on track",IF(O47="Not awarded",IF(U47="",IF(X47="","No planned date",IF(TODAY()>X47,"Behind — past planned date",IF(X47-TODAY()<=30,"At risk — close to off track","On track"))),IF(TODAY()>U47,"Behind — award date passed",IF(U47-TODAY()<=30,"At risk — close to off track","On track"))),IF(X47="","No planned date",IF(AND(TODAY()>X47,OR(Z47="",Z47<100)),"Behind — past end date",IF(AND(T47<>"",X47<>"",Z47<>"",(Z47<100),((TODAY()-T47)/MAX(X47-T47,1)*100)-Z47>15),"Behind — progress lag",IF(AND(X47-TODAY()<=30,X47-TODAY()>=0,OR(Z47="",Z47<90)),"At risk — close to off track","On track")))))))) | AH47: IF(OR(F47="",AC47="Completed / Handover",AC47="Cancelled"),"",IF(O47="Not awarded",IF(U47<>"",U47-TODAY(),IF(X47="","",X47-TODAY())),IF(X47="","",X47-TODAY()))) | AW47: IF(OR(F47="",AJ47=""),"",IF(COUNT(AI47:AI47)=0,"",AJ47-LOOKUP(2,1/(AI47:AI47<>""),AI47:AI47))) | AX47: IF(OR(F47="",AK47=""),"",IF(COUNT(AI47:AJ47)=0,"",AK47-LOOKUP(2,1/(AI47:AJ47<>""),AI47:AJ47))) | AY47: IF(OR(F47="",AL47=""),"",IF(COUNT(AI47:AK47)=0,"",AL47-LOOKUP(2,1/(AI47:AK47<>""),AI47:AK47))) | AZ47: IF(OR(F47="",AM47=""),"",IF(COUNT(AI47:AL47)=0,"",AM47-LOOKUP(2,1/(AI47:AL47<>""),AI47:AL47))) | BA47: IF(OR(F47="",AN47=""),"",IF(COUNT(AI47:AM47)=0,"",AN47-LOOKUP(2,1/(AI47:AM47<>""),AI47:AM47))) | BB47: IF(OR(F47="",AO47=""),"",IF(COUNT(AI47:AN47)=0,"",AO47-LOOKUP(2,1/(AI47:AN47<>""),AI47:AN47))) | BC47: IF(OR(F47="",AP47=""),"",IF(COUNT(AI47:AO47)=0,"",AP47-LOOKUP(2,1/(AI47:AO47<>""),AI47:AO47))) | BD47: IF(OR(F47="",AQ47=""),"",IF(COUNT(AI47:AP47)=0,"",AQ47-LOOKUP(2,1/(AI47:AP47<>""),AI47:AP47))) | BE47: IF(OR(F47="",AR47=""),"",IF(COUNT(AI47:AQ47)=0,"",AR47-LOOKUP(2,1/(AI47:AQ47<>""),AI47:AQ47))) | BF47: IF(OR(F47="",AS47=""),"",IF(COUNT(AI47:AR47)=0,"",AS47-LOOKUP(2,1/(AI47:AR47<>""),AI47:AR47))) | BG47: IF(OR(F47="",AT47=""),"",IF(COUNT(AI47:AS47)=0,"",AT47-LOOKUP(2,1/(AI47:AS47<>""),AI47:AS47))) | BH47: IF(OR(F47="",AU47=""),"",IF(COUNT(AI47:AT47)=0,"",AU47-LOOKUP(2,1/(AI47:AT47<>""),AI47:AT47))) | BI47: IF(OR(F47="",AV47=""),"",IF(COUNT(AI47:AU47)=0,"",AV47-LOOKUP(2,1/(AI47:AU47<>""),AI47:AU47))) | BJ47: IF(J47="","All_Provinces",IFERROR(VLOOKUP(J47,'09_Lookups'!$A$4:$B$20,2,FALSE),"All_Provinces")) | BK47: IF(K47="","All_Districts",IFERROR(VLOOKUP(K47,'09_Lookups'!$E$4:$F$42,2,FALSE),"All_Districts"))
A48: IF(F48="","",ROW()-3) | B48: AF2-DIS-01 | C48: Package #1.B-WBK/AF2 DIS: Demonstration 7 Drip irrigation schemes of 1. Doormishi, 2. Khodrawan, 3. Karez Naw, 4.Koklam Olia, 5. Koklam Sofla, 6 Joi Sultani and 7. Kushk Kohna in Kushk Rabat Sangi and Kushk e Kohna Districts of Herat Province. | D48: 6 of 7 | E48: AF2-DIS-N-006 | F48: Koklam Sofla Drip Irrigation schemes | G48: Drip Irrigation | H48: Drip Irrigation Plot | I48: Emergency Food Security Project (EFSP) – WBK/AF-2 | J48: West / Herat | K48: Herat | L48: Kushk e Kohna | M48: Koklam Sofla | N48: World Bank (WBK/AF-2) | O48: Not awarded | P48: 5. Drip Irrigation systems | Q48: Nesar Ahmad, Koklam | S48: 7974.31 | T48: IF(AQ48="","",AQ48) | U48: 46371 | V48: 4.4 | W48: 46506 | X48: IF(W48<>"",W48,IF(OR(T48="",V48=""),"",EDATE(T48,V48))) | AA48: Retendered (Re-ITB) | AB48: Work starting from March 2026. A total of 90 days for completion Slack period until end February 2026. | Farmer: Nesar Ahmad, Koklam | AC48: IF(F48="","",IF(COUNT(AI48:AV48)=0,IF(AA48="","Not started",AA48),SUBSTITUTE(LOOKUP(2,1/(AI48:AV48<>""),$AI$3:$AV$3),"Date: ",""))) | AD48: IF(OR(F48="",COUNT(AI48:AV48)=0),"",TODAY()-LOOKUP(2,1/(AI48:AV48<>""),AI48:AV48)) | AE48: IF(OR(F48="",COUNT(AI48:AV48)<2),"",LOOKUP(2,1/(AI48:AV48<>""),AI48:AV48)-MIN(AI48:AV48)) | AF48: IF(OR(AD48="",AC48="Not started",AC48=""),"",IFERROR(AD48-IF(VLOOKUP(AC48,'06_Status_Pipeline'!$B$3:$E$20,4,FALSE)="",0,VLOOKUP(AC48,'06_Status_Pipeline'!$B$3:$E$20,4,FALSE)),"")) | AG48: IF(F48="","",IF(OR(AA48="Cancelled",AC48="Cancelled"),"Cancelled",IF(OR(AC48="Completed / Handover",Y48<>"",Z48>=100),"Completed — on track",IF(O48="Not awarded",IF(U48="",IF(X48="","No planned date",IF(TODAY()>X48,"Behind — past planned date",IF(X48-TODAY()<=30,"At risk — close to off track","On track"))),IF(TODAY()>U48,"Behind — award date passed",IF(U48-TODAY()<=30,"At risk — close to off track","On track"))),IF(X48="","No planned date",IF(AND(TODAY()>X48,OR(Z48="",Z48<100)),"Behind — past end date",IF(AND(T48<>"",X48<>"",Z48<>"",(Z48<100),((TODAY()-T48)/MAX(X48-T48,1)*100)-Z48>15),"Behind — progress lag",IF(AND(X48-TODAY()<=30,X48-TODAY()>=0,OR(Z48="",Z48<90)),"At risk — close to off track","On track")))))))) | AH48: IF(OR(F48="",AC48="Completed / Handover",AC48="Cancelled"),"",IF(O48="Not awarded",IF(U48<>"",U48-TODAY(),IF(X48="","",X48-TODAY())),IF(X48="","",X48-TODAY()))) | AW48: IF(OR(F48="",AJ48=""),"",IF(COUNT(AI48:AI48)=0,"",AJ48-LOOKUP(2,1/(AI48:AI48<>""),AI48:AI48))) | AX48: IF(OR(F48="",AK48=""),"",IF(COUNT(AI48:AJ48)=0,"",AK48-LOOKUP(2,1/(AI48:AJ48<>""),AI48:AJ48))) | AY48: IF(OR(F48="",AL48=""),"",IF(COUNT(AI48:AK48)=0,"",AL48-LOOKUP(2,1/(AI48:AK48<>""),AI48:AK48))) | AZ48: IF(OR(F48="",AM48=""),"",IF(COUNT(AI48:AL48)=0,"",AM48-LOOKUP(2,1/(AI48:AL48<>""),AI48:AL48))) | BA48: IF(OR(F48="",AN48=""),"",IF(COUNT(AI48:AM48)=0,"",AN48-LOOKUP(2,1/(AI48:AM48<>""),AI48:AM48))) | BB48: IF(OR(F48="",AO48=""),"",IF(COUNT(AI48:AN48)=0,"",AO48-LOOKUP(2,1/(AI48:AN48<>""),AI48:AN48))) | BC48: IF(OR(F48="",AP48=""),"",IF(COUNT(AI48:AO48)=0,"",AP48-LOOKUP(2,1/(AI48:AO48<>""),AI48:AO48))) | BD48: IF(OR(F48="",AQ48=""),"",IF(COUNT(AI48:AP48)=0,"",AQ48-LOOKUP(2,1/(AI48:AP48<>""),AI48:AP48))) | BE48: IF(OR(F48="",AR48=""),"",IF(COUNT(AI48:AQ48)=0,"",AR48-LOOKUP(2,1/(AI48:AQ48<>""),AI48:AQ48))) | BF48: IF(OR(F48="",AS48=""),"",IF(COUNT(AI48:AR48)=0,"",AS48-LOOKUP(2,1/(AI48:AR48<>""),AI48:AR48))) | BG48: IF(OR(F48="",AT48=""),"",IF(COUNT(AI48:AS48)=0,"",AT48-LOOKUP(2,1/(AI48:AS48<>""),AI48:AS48))) | BH48: IF(OR(F48="",AU48=""),"",IF(COUNT(AI48:AT48)=0,"",AU48-LOOKUP(2,1/(AI48:AT48<>""),AI48:AT48))) | BI48: IF(OR(F48="",AV48=""),"",IF(COUNT(AI48:AU48)=0,"",AV48-LOOKUP(2,1/(AI48:AU48<>""),AI48:AU48))) | BJ48: IF(J48="","All_Provinces",IFERROR(VLOOKUP(J48,'09_Lookups'!$A$4:$B$20,2,FALSE),"All_Provinces")) | BK48: IF(K48="","All_Districts",IFERROR(VLOOKUP(K48,'09_Lookups'!$E$4:$F$42,2,FALSE),"All_Districts"))
A49: IF(F49="","",ROW()-3) | B49: AF2-DIS-01 | C49: Package #1.B-WBK/AF2 DIS: Demonstration 7 Drip irrigation schemes of 1. Doormishi, 2. Khodrawan, 3. Karez Naw, 4.Koklam Olia, 5. Koklam Sofla, 6 Joi Sultani and 7. Kushk Kohna in Kushk Rabat Sangi and Kushk e Kohna Districts of Herat Province. | D49: 7 of 7 | E49: AF2-DIS-N-007 | F49: Kushk Kohna Drip Irrigation schemes | G49: Drip Irrigation | H49: Drip Irrigation Plot | I49: Emergency Food Security Project (EFSP) – WBK/AF-2 | J49: West / Herat | K49: Herat | L49: Kushk e Kohna | M49: Kushk Kohna | N49: World Bank (WBK/AF-2) | O49: Not awarded | P49: 5. Drip Irrigation systems | Q49: Mohammad Ibrahim | S49: 10465.62 | T49: IF(AQ49="","",AQ49) | U49: 46371 | V49: 4.4 | W49: 46506 | X49: IF(W49<>"",W49,IF(OR(T49="",V49=""),"",EDATE(T49,V49))) | AA49: Retendered (Re-ITB) | AB49: Work starting from March 2026. A total of 90 days for completion Slack period until end February 2026. | Farmer: Mohammad Ibrahim | AC49: IF(F49="","",IF(COUNT(AI49:AV49)=0,IF(AA49="","Not started",AA49),SUBSTITUTE(LOOKUP(2,1/(AI49:AV49<>""),$AI$3:$AV$3),"Date: ",""))) | AD49: IF(OR(F49="",COUNT(AI49:AV49)=0),"",TODAY()-LOOKUP(2,1/(AI49:AV49<>""),AI49:AV49)) | AE49: IF(OR(F49="",COUNT(AI49:AV49)<2),"",LOOKUP(2,1/(AI49:AV49<>""),AI49:AV49)-MIN(AI49:AV49)) | AF49: IF(OR(AD49="",AC49="Not started",AC49=""),"",IFERROR(AD49-IF(VLOOKUP(AC49,'06_Status_Pipeline'!$B$3:$E$20,4,FALSE)="",0,VLOOKUP(AC49,'06_Status_Pipeline'!$B$3:$E$20,4,FALSE)),"")) | AG49: IF(F49="","",IF(OR(AA49="Cancelled",AC49="Cancelled"),"Cancelled",IF(OR(AC49="Completed / Handover",Y49<>"",Z49>=100),"Completed — on track",IF(O49="Not awarded",IF(U49="",IF(X49="","No planned date",IF(TODAY()>X49,"Behind — past planned date",IF(X49-TODAY()<=30,"At risk — close to off track","On track"))),IF(TODAY()>U49,"Behind — award date passed",IF(U49-TODAY()<=30,"At risk — close to off track","On track"))),IF(X49="","No planned date",IF(AND(TODAY()>X49,OR(Z49="",Z49<100)),"Behind — past end date",IF(AND(T49<>"",X49<>"",Z49<>"",(Z49<100),((TODAY()-T49)/MAX(X49-T49,1)*100)-Z49>15),"Behind — progress lag",IF(AND(X49-TODAY()<=30,X49-TODAY()>=0,OR(Z49="",Z49<90)),"At risk — close to off track","On track")))))))) | AH49: IF(OR(F49="",AC49="Completed / Handover",AC49="Cancelled"),"",IF(O49="Not awarded",IF(U49<>"",U49-TODAY(),IF(X49="","",X49-TODAY())),IF(X49="","",X49-TODAY()))) | AW49: IF(OR(F49="",AJ49=""),"",IF(COUNT(AI49:AI49)=0,"",AJ49-LOOKUP(2,1/(AI49:AI49<>""),AI49:AI49))) | AX49: IF(OR(F49="",AK49=""),"",IF(COUNT(AI49:AJ49)=0,"",AK49-LOOKUP(2,1/(AI49:AJ49<>""),AI49:AJ49))) | AY49: IF(OR(F49="",AL49=""),"",IF(COUNT(AI49:AK49)=0,"",AL49-LOOKUP(2,1/(AI49:AK49<>""),AI49:AK49))) | AZ49: IF(OR(F49="",AM49=""),"",IF(COUNT(AI49:AL49)=0,"",AM49-LOOKUP(2,1/(AI49:AL49<>""),AI49:AL49))) | BA49: IF(OR(F49="",AN49=""),"",IF(COUNT(AI49:AM49)=0,"",AN49-LOOKUP(2,1/(AI49:AM49<>""),AI49:AM49))) | BB49: IF(OR(F49="",AO49=""),"",IF(COUNT(AI49:AN49)=0,"",AO49-LOOKUP(2,1/(AI49:AN49<>""),AI49:AN49))) | BC49: IF(OR(F49="",AP49=""),"",IF(COUNT(AI49:AO49)=0,"",AP49-LOOKUP(2,1/(AI49:AO49<>""),AI49:AO49))) | BD49: IF(OR(F49="",AQ49=""),"",IF(COUNT(AI49:AP49)=0,"",AQ49-LOOKUP(2,1/(AI49:AP49<>""),AI49:AP49))) | BE49: IF(OR(F49="",AR49=""),"",IF(COUNT(AI49:AQ49)=0,"",AR49-LOOKUP(2,1/(AI49:AQ49<>""),AI49:AQ49))) | BF49: IF(OR(F49="",AS49=""),"",IF(COUNT(AI49:AR49)=0,"",AS49-LOOKUP(2,1/(AI49:AR49<>""),AI49:AR49))) | BG49: IF(OR(F49="",AT49=""),"",IF(COUNT(AI49:AS49)=0,"",AT49-LOOKUP(2,1/(AI49:AS49<>""),AI49:AS49))) | BH49: IF(OR(F49="",AU49=""),"",IF(COUNT(AI49:AT49)=0,"",AU49-LOOKUP(2,1/(AI49:AT49<>""),AI49:AT49))) | BI49: IF(OR(F49="",AV49=""),"",IF(COUNT(AI49:AU49)=0,"",AV49-LOOKUP(2,1/(AI49:AU49<>""),AI49:AU49))) | BJ49: IF(J49="","All_Provinces",IFERROR(VLOOKUP(J49,'09_Lookups'!$A$4:$B$20,2,FALSE),"All_Provinces")) | BK49: IF(K49="","All_Districts",IFERROR(VLOOKUP(K49,'09_Lookups'!$E$4:$F$42,2,FALSE),"All_Districts"))
A50: IF(F50="","",ROW()-3) | B50: AF2-DIS-01A | C50: Package #1 A -WBK/AF2 DIS: Demonstration of 7 Drip Irrigation schemes at 5 district sites of 1.Jakana, 2.Kharistan in Moqor, 3.Baghak in Qala-e-Naw of Badghis; 4. Ahangaran in Firozkoh, 5. Hamaye Khan in Dawlatyar districts of Ghor ; 6.Shadeh Olia, and 7.Shadeh Sofla in Zinda Jan district of Herat provinces | D50: 1 of 7 | E50: AF2-DIS-N-008 | F50: Ahangaran Drip Irrigation schemes | G50: Drip Irrigation | H50: Drip Irrigation Plot | I50: Emergency Food Security Project (EFSP) – WBK/AF-2 | J50: West / Herat | K50: Ghor | L50: Firozkoh | M50: Ahangaran | N50: World Bank (WBK/AF-2) | O50: Not awarded | P50: 5. Drip Irrigation systems | Q50: Haji Yaqoub | S50: 5783.61 | T50: IF(AQ50="","",AQ50) | U50: 46361 | V50: 5.8 | W50: 46537 | X50: IF(W50<>"",W50,IF(OR(T50="",V50=""),"",EDATE(T50,V50))) | AA50: Retendered (Re-ITB) | AB50: Work starting from March 2026. A total of 90 days for completion Slack period until end February 2026. | Farmer: Haji Yaqoub | AC50: IF(F50="","",IF(COUNT(AI50:AV50)=0,IF(AA50="","Not started",AA50),SUBSTITUTE(LOOKUP(2,1/(AI50:AV50<>""),$AI$3:$AV$3),"Date: ",""))) | AD50: IF(OR(F50="",COUNT(AI50:AV50)=0),"",TODAY()-LOOKUP(2,1/(AI50:AV50<>""),AI50:AV50)) | AE50: IF(OR(F50="",COUNT(AI50:AV50)<2),"",LOOKUP(2,1/(AI50:AV50<>""),AI50:AV50)-MIN(AI50:AV50)) | AF50: IF(OR(AD50="",AC50="Not started",AC50=""),"",IFERROR(AD50-IF(VLOOKUP(AC50,'06_Status_Pipeline'!$B$3:$E$20,4,FALSE)="",0,VLOOKUP(AC50,'06_Status_Pipeline'!$B$3:$E$20,4,FALSE)),"")) | AG50: IF(F50="","",IF(OR(AA50="Cancelled",AC50="Cancelled"),"Cancelled",IF(OR(AC50="Completed / Handover",Y50<>"",Z50>=100),"Completed — on track",IF(O50="Not awarded",IF(U50="",IF(X50="","No planned date",IF(TODAY()>X50,"Behind — past planned date",IF(X50-TODAY()<=30,"At risk — close to off track","On track"))),IF(TODAY()>U50,"Behind — award date passed",IF(U50-TODAY()<=30,"At risk — close to off track","On track"))),IF(X50="","No planned date",IF(AND(TODAY()>X50,OR(Z50="",Z50<100)),"Behind — past end date",IF(AND(T50<>"",X50<>"",Z50<>"",(Z50<100),((TODAY()-T50)/MAX(X50-T50,1)*100)-Z50>15),"Behind — progress lag",IF(AND(X50-TODAY()<=30,X50-TODAY()>=0,OR(Z50="",Z50<90)),"At risk — close to off track","On track")))))))) | AH50: IF(OR(F50="",AC50="Completed / Handover",AC50="Cancelled"),"",IF(O50="Not awarded",IF(U50<>"",U50-TODAY(),IF(X50="","",X50-TODAY())),IF(X50="","",X50-TODAY()))) | AW50: IF(OR(F50="",AJ50=""),"",IF(COUNT(AI50:AI50)=0,"",AJ50-LOOKUP(2,1/(AI50:AI50<>""),AI50:AI50))) | AX50: IF(OR(F50="",AK50=""),"",IF(COUNT(AI50:AJ50)=0,"",AK50-LOOKUP(2,1/(AI50:AJ50<>""),AI50:AJ50))) | AY50: IF(OR(F50="",AL50=""),"",IF(COUNT(AI50:AK50)=0,"",AL50-LOOKUP(2,1/(AI50:AK50<>""),AI50:AK50))) | AZ50: IF(OR(F50="",AM50=""),"",IF(COUNT(AI50:AL50)=0,"",AM50-LOOKUP(2,1/(AI50:AL50<>""),AI50:AL50))) | BA50: IF(OR(F50="",AN50=""),"",IF(COUNT(AI50:AM50)=0,"",AN50-LOOKUP(2,1/(AI50:AM50<>""),AI50:AM50))) | BB50: IF(OR(F50="",AO50=""),"",IF(COUNT(AI50:AN50)=0,"",AO50-LOOKUP(2,1/(AI50:AN50<>""),AI50:AN50))) | BC50: IF(OR(F50="",AP50=""),"",IF(COUNT(AI50:AO50)=0,"",AP50-LOOKUP(2,1/(AI50:AO50<>""),AI50:AO50))) | BD50: IF(OR(F50="",AQ50=""),"",IF(COUNT(AI50:AP50)=0,"",AQ50-LOOKUP(2,1/(AI50:AP50<>""),AI50:AP50))) | BE50: IF(OR(F50="",AR50=""),"",IF(COUNT(AI50:AQ50)=0,"",AR50-LOOKUP(2,1/(AI50:AQ50<>""),AI50:AQ50))) | BF50: IF(OR(F50="",AS50=""),"",IF(COUNT(AI50:AR50)=0,"",AS50-LOOKUP(2,1/(AI50:AR50<>""),AI50:AR50))) | BG50: IF(OR(F50="",AT50=""),"",IF(COUNT(AI50:AS50)=0,"",AT50-LOOKUP(2,1/(AI50:AS50<>""),AI50:AS50))) | BH50: IF(OR(F50="",AU50=""),"",IF(COUNT(AI50:AT50)=0,"",AU50-LOOKUP(2,1/(AI50:AT50<>""),AI50:AT50))) | BI50: IF(OR(F50="",AV50=""),"",IF(COUNT(AI50:AU50)=0,"",AV50-LOOKUP(2,1/(AI50:AU50<>""),AI50:AU50))) | BJ50: IF(J50="","All_Provinces",IFERROR(VLOOKUP(J50,'09_Lookups'!$A$4:$B$20,2,FALSE),"All_Provinces")) | BK50: IF(K50="","All_Districts",IFERROR(VLOOKUP(K50,'09_Lookups'!$E$4:$F$42,2,FALSE),"All_Districts"))
A51: IF(F51="","",ROW()-3) | B51: AF2-DIS-01A | C51: Package #1 A -WBK/AF2 DIS: Demonstration of 7 Drip Irrigation schemes at 5 district sites of 1.Jakana, 2.Kharistan in Moqor, 3.Baghak in Qala-e-Naw of Badghis; 4. Ahangaran in Firozkoh, 5. Hamaye Khan in Dawlatyar districts of Ghor ; 6.Shadeh Olia, and 7.Shadeh Sofla in Zinda Jan district of Herat provinces | D51: 2 of 7 | E51: AF2-DIS-N-009 | F51: Baghak Drip Irrigation schemes | G51: Drip Irrigation | H51: Drip Irrigation Plot | I51: Emergency Food Security Project (EFSP) – WBK/AF-2 | J51: West / Herat | K51: Badghis | L51: Qala-e-Naw | M51: Baghak | N51: World Bank (WBK/AF-2) | O51: Not awarded | P51: 5. Drip Irrigation systems | Q51: Edi Mohammad | S51: 8943.67 | T51: IF(AQ51="","",AQ51) | U51: 46361 | V51: 5.8 | W51: 46537 | X51: IF(W51<>"",W51,IF(OR(T51="",V51=""),"",EDATE(T51,V51))) | AA51: Retendered (Re-ITB) | AB51: Work starting from March 2026. A total of 90 days for completion Slack period until end February 2026. | Farmer: Edi Mohammad | AC51: IF(F51="","",IF(COUNT(AI51:AV51)=0,IF(AA51="","Not started",AA51),SUBSTITUTE(LOOKUP(2,1/(AI51:AV51<>""),$AI$3:$AV$3),"Date: ",""))) | AD51: IF(OR(F51="",COUNT(AI51:AV51)=0),"",TODAY()-LOOKUP(2,1/(AI51:AV51<>""),AI51:AV51)) | AE51: IF(OR(F51="",COUNT(AI51:AV51)<2),"",LOOKUP(2,1/(AI51:AV51<>""),AI51:AV51)-MIN(AI51:AV51)) | AF51: IF(OR(AD51="",AC51="Not started",AC51=""),"",IFERROR(AD51-IF(VLOOKUP(AC51,'06_Status_Pipeline'!$B$3:$E$20,4,FALSE)="",0,VLOOKUP(AC51,'06_Status_Pipeline'!$B$3:$E$20,4,FALSE)),"")) | AG51: IF(F51="","",IF(OR(AA51="Cancelled",AC51="Cancelled"),"Cancelled",IF(OR(AC51="Completed / Handover",Y51<>"",Z51>=100),"Completed — on track",IF(O51="Not awarded",IF(U51="",IF(X51="","No planned date",IF(TODAY()>X51,"Behind — past planned date",IF(X51-TODAY()<=30,"At risk — close to off track","On track"))),IF(TODAY()>U51,"Behind — award date passed",IF(U51-TODAY()<=30,"At risk — close to off track","On track"))),IF(X51="","No planned date",IF(AND(TODAY()>X51,OR(Z51="",Z51<100)),"Behind — past end date",IF(AND(T51<>"",X51<>"",Z51<>"",(Z51<100),((TODAY()-T51)/MAX(X51-T51,1)*100)-Z51>15),"Behind — progress lag",IF(AND(X51-TODAY()<=30,X51-TODAY()>=0,OR(Z51="",Z51<90)),"At risk — close to off track","On track")))))))) | AH51: IF(OR(F51="",AC51="Completed / Handover",AC51="Cancelled"),"",IF(O51="Not awarded",IF(U51<>"",U51-TODAY(),IF(X51="","",X51-TODAY())),IF(X51="","",X51-TODAY()))) | AW51: IF(OR(F51="",AJ51=""),"",IF(COUNT(AI51:AI51)=0,"",AJ51-LOOKUP(2,1/(AI51:AI51<>""),AI51:AI51))) | AX51: IF(OR(F51="",AK51=""),"",IF(COUNT(AI51:AJ51)=0,"",AK51-LOOKUP(2,1/(AI51:AJ51<>""),AI51:AJ51))) | AY51: IF(OR(F51="",AL51=""),"",IF(COUNT(AI51:AK51)=0,"",AL51-LOOKUP(2,1/(AI51:AK51<>""),AI51:AK51))) | AZ51: IF(OR(F51="",AM51=""),"",IF(COUNT(AI51:AL51)=0,"",AM51-LOOKUP(2,1/(AI51:AL51<>""),AI51:AL51))) | BA51: IF(OR(F51="",AN51=""),"",IF(COUNT(AI51:AM51)=0,"",AN51-LOOKUP(2,1/(AI51:AM51<>""),AI51:AM51))) | BB51: IF(OR(F51="",AO51=""),"",IF(COUNT(AI51:AN51)=0,"",AO51-LOOKUP(2,1/(AI51:AN51<>""),AI51:AN51))) | BC51: IF(OR(F51="",AP51=""),"",IF(COUNT(AI51:AO51)=0,"",AP51-LOOKUP(2,1/(AI51:AO51<>""),AI51:AO51))) | BD51: IF(OR(F51="",AQ51=""),"",IF(COUNT(AI51:AP51)=0,"",AQ51-LOOKUP(2,1/(AI51:AP51<>""),AI51:AP51))) | BE51: IF(OR(F51="",AR51=""),"",IF(COUNT(AI51:AQ51)=0,"",AR51-LOOKUP(2,1/(AI51:AQ51<>""),AI51:AQ51))) | BF51: IF(OR(F51="",AS51=""),"",IF(COUNT(AI51:AR51)=0,"",AS51-LOOKUP(2,1/(AI51:AR51<>""),AI51:AR51))) | BG51: IF(OR(F51="",AT51=""),"",IF(COUNT(AI51:AS51)=0,"",AT51-LOOKUP(2,1/(AI51:AS51<>""),AI51:AS51))) | BH51: IF(OR(F51="",AU51=""),"",IF(COUNT(AI51:AT51)=0,"",AU51-LOOKUP(2,1/(AI51:AT51<>""),AI51:AT51))) | BI51: IF(OR(F51="",AV51=""),"",IF(COUNT(AI51:AU51)=0,"",AV51-LOOKUP(2,1/(AI51:AU51<>""),AI51:AU51))) | BJ51: IF(J51="","All_Provinces",IFERROR(VLOOKUP(J51,'09_Lookups'!$A$4:$B$20,2,FALSE),"All_Provinces")) | BK51: IF(K51="","All_Districts",IFERROR(VLOOKUP(K51,'09_Lookups'!$E$4:$F$42,2,FALSE),"All_Districts"))
A52: IF(F52="","",ROW()-3) | B52: AF2-DIS-01A | C52: Package #1 A -WBK/AF2 DIS: Demonstration of 7 Drip Irrigation schemes at 5 district sites of 1.Jakana, 2.Kharistan in Moqor, 3.Baghak in Qala-e-Naw of Badghis; 4. Ahangaran in Firozkoh, 5. Hamaye Khan in Dawlatyar districts of Ghor ; 6.Shadeh Olia, and 7.Shadeh Sofla in Zinda Jan district of Herat provinces | D52: 3 of 7 | E52: AF2-DIS-N-010 | F52: Hamaye Khan Drip Irrigation schemes | G52: Drip Irrigation | H52: Drip Irrigation Plot | I52: Emergency Food Security Project (EFSP) – WBK/AF-2 | J52: West / Herat | K52: Ghor | L52: Dawlatyar | M52: Hamaye khan | N52: World Bank (WBK/AF-2) | O52: Not awarded | P52: 5. Drip Irrigation systems | Q52: Haji Abdul Qaiyom | S52: 6737.72 | T52: IF(AQ52="","",AQ52) | U52: 46361 | V52: 5.8 | W52: 46537 | X52: IF(W52<>"",W52,IF(OR(T52="",V52=""),"",EDATE(T52,V52))) | AA52: Retendered (Re-ITB) | AB52: Work starting from March 2026. A total of 90 days for completion Slack period until end February 2026. | Farmer: Haji Abdul Qaiyom | AC52: IF(F52="","",IF(COUNT(AI52:AV52)=0,IF(AA52="","Not started",AA52),SUBSTITUTE(LOOKUP(2,1/(AI52:AV52<>""),$AI$3:$AV$3),"Date: ",""))) | AD52: IF(OR(F52="",COUNT(AI52:AV52)=0),"",TODAY()-LOOKUP(2,1/(AI52:AV52<>""),AI52:AV52)) | AE52: IF(OR(F52="",COUNT(AI52:AV52)<2),"",LOOKUP(2,1/(AI52:AV52<>""),AI52:AV52)-MIN(AI52:AV52)) | AF52: IF(OR(AD52="",AC52="Not started",AC52=""),"",IFERROR(AD52-IF(VLOOKUP(AC52,'06_Status_Pipeline'!$B$3:$E$20,4,FALSE)="",0,VLOOKUP(AC52,'06_Status_Pipeline'!$B$3:$E$20,4,FALSE)),"")) | AG52: IF(F52="","",IF(OR(AA52="Cancelled",AC52="Cancelled"),"Cancelled",IF(OR(AC52="Completed / Handover",Y52<>"",Z52>=100),"Completed — on track",IF(O52="Not awarded",IF(U52="",IF(X52="","No planned date",IF(TODAY()>X52,"Behind — past planned date",IF(X52-TODAY()<=30,"At risk — close to off track","On track"))),IF(TODAY()>U52,"Behind — award date passed",IF(U52-TODAY()<=30,"At risk — close to off track","On track"))),IF(X52="","No planned date",IF(AND(TODAY()>X52,OR(Z52="",Z52<100)),"Behind — past end date",IF(AND(T52<>"",X52<>"",Z52<>"",(Z52<100),((TODAY()-T52)/MAX(X52-T52,1)*100)-Z52>15),"Behind — progress lag",IF(AND(X52-TODAY()<=30,X52-TODAY()>=0,OR(Z52="",Z52<90)),"At risk — close to off track","On track")))))))) | AH52: IF(OR(F52="",AC52="Completed / Handover",AC52="Cancelled"),"",IF(O52="Not awarded",IF(U52<>"",U52-TODAY(),IF(X52="","",X52-TODAY())),IF(X52="","",X52-TODAY()))) | AW52: IF(OR(F52="",AJ52=""),"",IF(COUNT(AI52:AI52)=0,"",AJ52-LOOKUP(2,1/(AI52:AI52<>""),AI52:AI52))) | AX52: IF(OR(F52="",AK52=""),"",IF(COUNT(AI52:AJ52)=0,"",AK52-LOOKUP(2,1/(AI52:AJ52<>""),AI52:AJ52))) | AY52: IF(OR(F52="",AL52=""),"",IF(COUNT(AI52:AK52)=0,"",AL52-LOOKUP(2,1/(AI52:AK52<>""),AI52:AK52))) | AZ52: IF(OR(F52="",AM52=""),"",IF(COUNT(AI52:AL52)=0,"",AM52-LOOKUP(2,1/(AI52:AL52<>""),AI52:AL52))) | BA52: IF(OR(F52="",AN52=""),"",IF(COUNT(AI52:AM52)=0,"",AN52-LOOKUP(2,1/(AI52:AM52<>""),AI52:AM52))) | BB52: IF(OR(F52="",AO52=""),"",IF(COUNT(AI52:AN52)=0,"",AO52-LOOKUP(2,1/(AI52:AN52<>""),AI52:AN52))) | BC52: IF(OR(F52="",AP52=""),"",IF(COUNT(AI52:AO52)=0,"",AP52-LOOKUP(2,1/(AI52:AO52<>""),AI52:AO52))) | BD52: IF(OR(F52="",AQ52=""),"",IF(COUNT(AI52:AP52)=0,"",AQ52-LOOKUP(2,1/(AI52:AP52<>""),AI52:AP52))) | BE52: IF(OR(F52="",AR52=""),"",IF(COUNT(AI52:AQ52)=0,"",AR52-LOOKUP(2,1/(AI52:AQ52<>""),AI52:AQ52))) | BF52: IF(OR(F52="",AS52=""),"",IF(COUNT(AI52:AR52)=0,"",AS52-LOOKUP(2,1/(AI52:AR52<>""),AI52:AR52))) | BG52: IF(OR(F52="",AT52=""),"",IF(COUNT(AI52:AS52)=0,"",AT52-LOOKUP(2,1/(AI52:AS52<>""),AI52:AS52))) | BH52: IF(OR(F52="",AU52=""),"",IF(COUNT(AI52:AT52)=0,"",AU52-LOOKUP(2,1/(AI52:AT52<>""),AI52:AT52))) | BI52: IF(OR(F52="",AV52=""),"",IF(COUNT(AI52:AU52)=0,"",AV52-LOOKUP(2,1/(AI52:AU52<>""),AI52:AU52))) | BJ52: IF(J52="","All_Provinces",IFERROR(VLOOKUP(J52,'09_Lookups'!$A$4:$B$20,2,FALSE),"All_Provinces")) | BK52: IF(K52="","All_Districts",IFERROR(VLOOKUP(K52,'09_Lookups'!$E$4:$F$42,2,FALSE),"All_Districts"))
A53: IF(F53="","",ROW()-3) | B53: AF2-DIS-01A | C53: Package #1 A -WBK/AF2 DIS: Demonstration of 7 Drip Irrigation schemes at 5 district sites of 1.Jakana, 2.Kharistan in Moqor, 3.Baghak in Qala-e-Naw of Badghis; 4. Ahangaran in Firozkoh, 5. Hamaye Khan in Dawlatyar districts of Ghor ; 6.Shadeh Olia, and 7.Shadeh Sofla in Zinda Jan district of Herat provinces | D53: 4 of 7 | E53: AF2-DIS-N-011 | F53: Jakana Drip Irrigation schemes | G53: Drip Irrigation | H53: Drip Irrigation Plot | I53: Emergency Food Security Project (EFSP) – WBK/AF-2 | J53: West / Herat | K53: Badghis | L53: Moqur | M53: Jakana | N53: World Bank (WBK/AF-2) | O53: Not awarded | P53: 5. Drip Irrigation systems | Q53: Sobhan | S53: 7977.58 | T53: IF(AQ53="","",AQ53) | U53: 46361 | V53: 5.8 | W53: 46537 | X53: IF(W53<>"",W53,IF(OR(T53="",V53=""),"",EDATE(T53,V53))) | AA53: Retendered (Re-ITB) | AB53: Work starting from March 2026. A total of 90 days for completion Slack period until end February 2026. | Farmer: Sobhan | AC53: IF(F53="","",IF(COUNT(AI53:AV53)=0,IF(AA53="","Not started",AA53),SUBSTITUTE(LOOKUP(2,1/(AI53:AV53<>""),$AI$3:$AV$3),"Date: ",""))) | AD53: IF(OR(F53="",COUNT(AI53:AV53)=0),"",TODAY()-LOOKUP(2,1/(AI53:AV53<>""),AI53:AV53)) | AE53: IF(OR(F53="",COUNT(AI53:AV53)<2),"",LOOKUP(2,1/(AI53:AV53<>""),AI53:AV53)-MIN(AI53:AV53)) | AF53: IF(OR(AD53="",AC53="Not started",AC53=""),"",IFERROR(AD53-IF(VLOOKUP(AC53,'06_Status_Pipeline'!$B$3:$E$20,4,FALSE)="",0,VLOOKUP(AC53,'06_Status_Pipeline'!$B$3:$E$20,4,FALSE)),"")) | AG53: IF(F53="","",IF(OR(AA53="Cancelled",AC53="Cancelled"),"Cancelled",IF(OR(AC53="Completed / Handover",Y53<>"",Z53>=100),"Completed — on track",IF(O53="Not awarded",IF(U53="",IF(X53="","No planned date",IF(TODAY()>X53,"Behind — past planned date",IF(X53-TODAY()<=30,"At risk — close to off track","On track"))),IF(TODAY()>U53,"Behind — award date passed",IF(U53-TODAY()<=30,"At risk — close to off track","On track"))),IF(X53="","No planned date",IF(AND(TODAY()>X53,OR(Z53="",Z53<100)),"Behind — past end date",IF(AND(T53<>"",X53<>"",Z53<>"",(Z53<100),((TODAY()-T53)/MAX(X53-T53,1)*100)-Z53>15),"Behind — progress lag",IF(AND(X53-TODAY()<=30,X53-TODAY()>=0,OR(Z53="",Z53<90)),"At risk — close to off track","On track")))))))) | AH53: IF(OR(F53="",AC53="Completed / Handover",AC53="Cancelled"),"",IF(O53="Not awarded",IF(U53<>"",U53-TODAY(),IF(X53="","",X53-TODAY())),IF(X53="","",X53-TODAY()))) | AW53: IF(OR(F53="",AJ53=""),"",IF(COUNT(AI53:AI53)=0,"",AJ53-LOOKUP(2,1/(AI53:AI53<>""),AI53:AI53))) | AX53: IF(OR(F53="",AK53=""),"",IF(COUNT(AI53:AJ53)=0,"",AK53-LOOKUP(2,1/(AI53:AJ53<>""),AI53:AJ53))) | AY53: IF(OR(F53="",AL53=""),"",IF(COUNT(AI53:AK53)=0,"",AL53-LOOKUP(2,1/(AI53:AK53<>""),AI53:AK53))) | AZ53: IF(OR(F53="",AM53=""),"",IF(COUNT(AI53:AL53)=0,"",AM53-LOOKUP(2,1/(AI53:AL53<>""),AI53:AL53))) | BA53: IF(OR(F53="",AN53=""),"",IF(COUNT(AI53:AM53)=0,"",AN53-LOOKUP(2,1/(AI53:AM53<>""),AI53:AM53))) | BB53: IF(OR(F53="",AO53=""),"",IF(COUNT(AI53:AN53)=0,"",AO53-LOOKUP(2,1/(AI53:AN53<>""),AI53:AN53))) | BC53: IF(OR(F53="",AP53=""),"",IF(COUNT(AI53:AO53)=0,"",AP53-LOOKUP(2,1/(AI53:AO53<>""),AI53:AO53))) | BD53: IF(OR(F53="",AQ53=""),"",IF(COUNT(AI53:AP53)=0,"",AQ53-LOOKUP(2,1/(AI53:AP53<>""),AI53:AP53))) | BE53: IF(OR(F53="",AR53=""),"",IF(COUNT(AI53:AQ53)=0,"",AR53-LOOKUP(2,1/(AI53:AQ53<>""),AI53:AQ53))) | BF53: IF(OR(F53="",AS53=""),"",IF(COUNT(AI53:AR53)=0,"",AS53-LOOKUP(2,1/(AI53:AR53<>""),AI53:AR53))) | BG53: IF(OR(F53="",AT53=""),"",IF(COUNT(AI53:AS53)=0,"",AT53-LOOKUP(2,1/(AI53:AS53<>""),AI53:AS53))) | BH53: IF(OR(F53="",AU53=""),"",IF(COUNT(AI53:AT53)=0,"",AU53-LOOKUP(2,1/(AI53:AT53<>""),AI53:AT53))) | BI53: IF(OR(F53="",AV53=""),"",IF(COUNT(AI53:AU53)=0,"",AV53-LOOKUP(2,1/(AI53:AU53<>""),AI53:AU53))) | BJ53: IF(J53="","All_Provinces",IFERROR(VLOOKUP(J53,'09_Lookups'!$A$4:$B$20,2,FALSE),"All_Provinces")) | BK53: IF(K53="","All_Districts",IFERROR(VLOOKUP(K53,'09_Lookups'!$E$4:$F$42,2,FALSE),"All_Districts"))
A54: IF(F54="","",ROW()-3) | B54: AF2-DIS-01A | C54: Package #1 A -WBK/AF2 DIS: Demonstration of 7 Drip Irrigation schemes at 5 district sites of 1.Jakana, 2.Kharistan in Moqor, 3.Baghak in Qala-e-Naw of Badghis; 4. Ahangaran in Firozkoh, 5. Hamaye Khan in Dawlatyar districts of Ghor ; 6.Shadeh Olia, and 7.Shadeh Sofla in Zinda Jan district of Herat provinces | D54: 5 of 7 | E54: AF2-DIS-N-012 | F54: Kharistan Drip Irrigation schemes | G54: Drip Irrigation | H54: Drip Irrigation Plot | I54: Emergency Food Security Project (EFSP) – WBK/AF-2 | J54: West / Herat | K54: Badghis | L54: Moqur | M54: Kharistan | N54: World Bank (WBK/AF-2) | O54: Not awarded | P54: 5. Drip Irrigation systems | Q54: Saifuddin | S54: 9550.69 | T54: IF(AQ54="","",AQ54) | U54: 46361 | V54: 5.8 | W54: 46537 | X54: IF(W54<>"",W54,IF(OR(T54="",V54=""),"",EDATE(T54,V54))) | AA54: Retendered (Re-ITB) | AB54: Work starting from March 2026. A total of 90 days for completion Slack period until end February 2026. | Farmer: Saifuddin | AC54: IF(F54="","",IF(COUNT(AI54:AV54)=0,IF(AA54="","Not started",AA54),SUBSTITUTE(LOOKUP(2,1/(AI54:AV54<>""),$AI$3:$AV$3),"Date: ",""))) | AD54: IF(OR(F54="",COUNT(AI54:AV54)=0),"",TODAY()-LOOKUP(2,1/(AI54:AV54<>""),AI54:AV54)) | AE54: IF(OR(F54="",COUNT(AI54:AV54)<2),"",LOOKUP(2,1/(AI54:AV54<>""),AI54:AV54)-MIN(AI54:AV54)) | AF54: IF(OR(AD54="",AC54="Not started",AC54=""),"",IFERROR(AD54-IF(VLOOKUP(AC54,'06_Status_Pipeline'!$B$3:$E$20,4,FALSE)="",0,VLOOKUP(AC54,'06_Status_Pipeline'!$B$3:$E$20,4,FALSE)),"")) | AG54: IF(F54="","",IF(OR(AA54="Cancelled",AC54="Cancelled"),"Cancelled",IF(OR(AC54="Completed / Handover",Y54<>"",Z54>=100),"Completed — on track",IF(O54="Not awarded",IF(U54="",IF(X54="","No planned date",IF(TODAY()>X54,"Behind — past planned date",IF(X54-TODAY()<=30,"At risk — close to off track","On track"))),IF(TODAY()>U54,"Behind — award date passed",IF(U54-TODAY()<=30,"At risk — close to off track","On track"))),IF(X54="","No planned date",IF(AND(TODAY()>X54,OR(Z54="",Z54<100)),"Behind — past end date",IF(AND(T54<>"",X54<>"",Z54<>"",(Z54<100),((TODAY()-T54)/MAX(X54-T54,1)*100)-Z54>15),"Behind — progress lag",IF(AND(X54-TODAY()<=30,X54-TODAY()>=0,OR(Z54="",Z54<90)),"At risk — close to off track","On track")))))))) | AH54: IF(OR(F54="",AC54="Completed / Handover",AC54="Cancelled"),"",IF(O54="Not awarded",IF(U54<>"",U54-TODAY(),IF(X54="","",X54-TODAY())),IF(X54="","",X54-TODAY()))) | AW54: IF(OR(F54="",AJ54=""),"",IF(COUNT(AI54:AI54)=0,"",AJ54-LOOKUP(2,1/(AI54:AI54<>""),AI54:AI54))) | AX54: IF(OR(F54="",AK54=""),"",IF(COUNT(AI54:AJ54)=0,"",AK54-LOOKUP(2,1/(AI54:AJ54<>""),AI54:AJ54))) | AY54: IF(OR(F54="",AL54=""),"",IF(COUNT(AI54:AK54)=0,"",AL54-LOOKUP(2,1/(AI54:AK54<>""),AI54:AK54))) | AZ54: IF(OR(F54="",AM54=""),"",IF(COUNT(AI54:AL54)=0,"",AM54-LOOKUP(2,1/(AI54:AL54<>""),AI54:AL54))) | BA54: IF(OR(F54="",AN54=""),"",IF(COUNT(AI54:AM54)=0,"",AN54-LOOKUP(2,1/(AI54:AM54<>""),AI54:AM54))) | BB54: IF(OR(F54="",AO54=""),"",IF(COUNT(AI54:AN54)=0,"",AO54-LOOKUP(2,1/(AI54:AN54<>""),AI54:AN54))) | BC54: IF(OR(F54="",AP54=""),"",IF(COUNT(AI54:AO54)=0,"",AP54-LOOKUP(2,1/(AI54:AO54<>""),AI54:AO54))) | BD54: IF(OR(F54="",AQ54=""),"",IF(COUNT(AI54:AP54)=0,"",AQ54-LOOKUP(2,1/(AI54:AP54<>""),AI54:AP54))) | BE54: IF(OR(F54="",AR54=""),"",IF(COUNT(AI54:AQ54)=0,"",AR54-LOOKUP(2,1/(AI54:AQ54<>""),AI54:AQ54))) | BF54: IF(OR(F54="",AS54=""),"",IF(COUNT(AI54:AR54)=0,"",AS54-LOOKUP(2,1/(AI54:AR54<>""),AI54:AR54))) | BG54: IF(OR(F54="",AT54=""),"",IF(COUNT(AI54:AS54)=0,"",AT54-LOOKUP(2,1/(AI54:AS54<>""),AI54:AS54))) | BH54: IF(OR(F54="",AU54=""),"",IF(COUNT(AI54:AT54)=0,"",AU54-LOOKUP(2,1/(AI54:AT54<>""),AI54:AT54))) | BI54: IF(OR(F54="",AV54=""),"",IF(COUNT(AI54:AU54)=0,"",AV54-LOOKUP(2,1/(AI54:AU54<>""),AI54:AU54))) | BJ54: IF(J54="","All_Provinces",IFERROR(VLOOKUP(J54,'09_Lookups'!$A$4:$B$20,2,FALSE),"All_Provinces")) | BK54: IF(K54="","All_Districts",IFERROR(VLOOKUP(K54,'09_Lookups'!$E$4:$F$42,2,FALSE),"All_Districts"))
... A60: IF(F60="","",ROW()-3) | B60: AF2-DIS-02A | C60: Package #2 A&B-WBK/AF2 DIS: Demonstration of 12 Drip irrigation schemes of 1. Abdul Qadir, 2.Abdul Raqib, 3.Nazar Khan, 4.Khas Kunar, 5.Asmar, 6.Manogai, 7.Kunar University, 8.Parun, 9.Mateeullah, 10..Habibullah, 11.Surkhrood, and 12.Khewa, located in Alishing,Pacheragam, Batikot,Khas Kunar, Asmar, Manogai, Asadabad, Parun, Barg-e-Matal, Sorkhrud and Khewa districts of Laghman, Nangarhar, Kunar and Nuristan provinces. | D60: 4 of 12 | E60: AF2-DIS-N-018 | F60: 12.Khewa Drip irrigation Site | G60: Drip Irrigation | H60: Drip Irrigation Plot | I60: Emergency Food Security Project (EFSP) – WBK/AF-2 | J60: East / Jalalabad | K60: Nangarhar | L60: Khewa | M60: Sarjal | N60: World Bank (WBK/AF-2) | O60: Not awarded | P60: 5. Drip Irrigation systems | Q60: Ramin | S60: 3562.46 | T60: IF(AQ60="","",AQ60) | U60: 46380 | V60: 4.9 | W60: 46530 | X60: IF(W60<>"",W60,IF(OR(T60="",V60=""),"",EDATE(T60,V60))) | AA60: Retendered (Re-ITB) | AB60: Five month construction period. No slack period considered for Laghman and Nagrahar and two months slack period for Kunar and Nuristan. '- | Farmer: Ramin | AC60: IF(F60="","",IF(COUNT(AI60:AV60)=0,IF(AA60="","Not started",AA60),SUBSTITUTE(LOOKUP(2,1/(AI60:AV60<>""),$AI$3:$AV$3),"Date: ",""))) | AD60: IF(OR(F60="",COUNT(AI60:AV60)=0),"",TODAY()-LOOKUP(2,1/(AI60:AV60<>""),AI60:AV60)) | AE60: IF(OR(F60="",COUNT(AI60:AV60)<2),"",LOOKUP(2,1/(AI60:AV60<>""),AI60:AV60)-MIN(AI60:AV60)) | AF60: IF(OR(AD60="",AC60="Not started",AC60=""),"",IFERROR(AD60-IF(VLOOKUP(AC60,'06_Status_Pipeline'!$B$3:$E$20,4,FALSE)="",0,VLOOKUP(AC60,'06_Status_Pipeline'!$B$3:$E$20,4,FALSE)),"")) | AG60: IF(F60="","",IF(OR(AA60="Cancelled",AC60="Cancelled"),"Cancelled",IF(OR(AC60="Completed / Handover",Y60<>"",Z60>=100),"Completed — on track",IF(O60="Not awarded",IF(U60="",IF(X60="","No planned date",IF(TODAY()>X60,"Behind — past planned date",IF(X60-TODAY()<=30,"At risk — close to off track","On track"))),IF(TODAY()>U60,"Behind — award date passed",IF(U60-TODAY()<=30,"At risk — close to off track","On track"))),IF(X60="","No planned date",IF(AND(TODAY()>X60,OR(Z60="",Z60<100)),"Behind — past end date",IF(AND(T60<>"",X60<>"",Z60<>"",(Z60<100),((TODAY()-T60)/MAX(X60-T60,1)*100)-Z60>15),"Behind — progress lag",IF(AND(X60-TODAY()<=30,X60-TODAY()>=0,OR(Z60="",Z60<90)),"At risk — close to off track","On track")))))))) | AH60: IF(OR(F60="",AC60="Completed / Handover",AC60="Cancelled"),"",IF(O60="Not awarded",IF(U60<>"",U60-TODAY(),IF(X60="","",X60-TODAY())),IF(X60="","",X60-TODAY()))) | AW60: IF(OR(F60="",AJ60=""),"",IF(COUNT(AI60:AI60)=0,"",AJ60-LOOKUP(2,1/(AI60:AI60<>""),AI60:AI60))) | AX60: IF(OR(F60="",AK60=""),"",IF(COUNT(AI60:AJ60)=0,"",AK60-LOOKUP(2,1/(AI60:AJ60<>""),AI60:AJ60))) | AY60: IF(OR(F60="",AL60=""),"",IF(COUNT(AI60:AK60)=0,"",AL60-LOOKUP(2,1/(AI60:AK60<>""),AI60:AK60))) | AZ60: IF(OR(F60="",AM60=""),"",IF(COUNT(AI60:AL60)=0,"",AM60-LOOKUP(2,1/(AI60:AL60<>""),AI60:AL60))) | BA60: IF(OR(F60="",AN60=""),"",IF(COUNT(AI60:AM60)=0,"",AN60-LOOKUP(2,1/(AI60:AM60<>""),AI60:AM60))) | BB60: IF(OR(F60="",AO60=""),"",IF(COUNT(AI60:AN60)=0,"",AO60-LOOKUP(2,1/(AI60:AN60<>""),AI60:AN60))) | BC60: IF(OR(F60="",AP60=""),"",IF(COUNT(AI60:AO60)=0,"",AP60-LOOKUP(2,1/(AI60:AO60<>""),AI60:AO60))) | BD60: IF(OR(F60="",AQ60=""),"",IF(COUNT(AI60:AP60)=0,"",AQ60-LOOKUP(2,1/(AI60:AP60<>""),AI60:AP60))) | BE60: IF(OR(F60="",AR60=""),"",IF(COUNT(AI60:AQ60)=0,"",AR60-LOOKUP(2,1/(AI60:AQ60<>""),AI60:AQ60))) | BF60: IF(OR(F60="",AS60=""),"",IF(COUNT(AI60:AR60)=0,"",AS60-LOOKUP(2,1/(AI60:AR60<>""),AI60:AR60))) | BG60: IF(OR(F60="",AT60=""),"",IF(COUNT(AI60:AS60)=0,"",AT60-LOOKUP(2,1/(AI60:AS60<>""),AI60:AS60))) | BH60: IF(OR(F60="",AU60=""),"",IF(COUNT(AI60:AT60)=0,"",AU60-LOOKUP(2,1/(AI60:AT60<>""),AI60:AT60))) | BI60: IF(OR(F60="",AV60=""),"",IF(COUNT(AI60:AU60)=0,"",AV60-LOOKUP(2,1/(AI60:AU60<>""),AI60:AU60))) | BJ60: IF(J60="","All_Provinces",IFERROR(VLOOKUP(J60,'09_Lookups'!$A$4:$B$20,2,FALSE),"All_Provinces")) | BK60: IF(K60="","All_Districts",IFERROR(VLOOKUP(K60,'09_Lookups'!$E$4:$F$42,2,FALSE),"All_Districts"))
A61: IF(F61="","",ROW()-3) | B61: AF2-DIS-02A | C61: Package #2 A&B-WBK/AF2 DIS: Demonstration of 12 Drip irrigation schemes of 1. Abdul Qadir, 2.Abdul Raqib, 3.Nazar Khan, 4.Khas Kunar, 5.Asmar, 6.Manogai, 7.Kunar University, 8.Parun, 9.Mateeullah, 10..Habibullah, 11.Surkhrood, and 12.Khewa, located in Alishing,Pacheragam, Batikot,Khas Kunar, Asmar, Manogai, Asadabad, Parun, Barg-e-Matal, Sorkhrud and Khewa districts of Laghman, Nangarhar, Kunar and Nuristan provinces. | D61: 5 of 12 | E61: AF2-DIS-N-019 | F61: 2. Abdul Raqib drip Irrigation Scheme | G61: Drip Irrigation | H61: Drip Irrigation Plot | I61: Emergency Food Security Project (EFSP) – WBK/AF-2 | J61: East / Jalalabad | K61: Nangarhar | L61: Pacheragam | M61: Landi Khil | N61: World Bank (WBK/AF-2) | O61: Not awarded | P61: 5. Drip Irrigation systems | Q61: Abdur Raqeeb | T61: IF(AQ61="","",AQ61) | U61: 46380 | V61: 4.9 | W61: 46530 | X61: IF(W61<>"",W61,IF(OR(T61="",V61=""),"",EDATE(T61,V61))) | AA61: Retendered (Re-ITB) | AB61: Five month construction period. No slack period considered for Laghman and Nagrahar and two months slack period for Kunar and Nuristan. '- | Farmer: Abdur Raqeeb | AC61: IF(F61="","",IF(COUNT(AI61:AV61)=0,IF(AA61="","Not started",AA61),SUBSTITUTE(LOOKUP(2,1/(AI61:AV61<>""),$AI$3:$AV$3),"Date: ",""))) | AD61: IF(OR(F61="",COUNT(AI61:AV61)=0),"",TODAY()-LOOKUP(2,1/(AI61:AV61<>""),AI61:AV61)) | AE61: IF(OR(F61="",COUNT(AI61:AV61)<2),"",LOOKUP(2,1/(AI61:AV61<>""),AI61:AV61)-MIN(AI61:AV61)) | AF61: IF(OR(AD61="",AC61="Not started",AC61=""),"",IFERROR(AD61-IF(VLOOKUP(AC61,'06_Status_Pipeline'!$B$3:$E$20,4,FALSE)="",0,VLOOKUP(AC61,'06_Status_Pipeline'!$B$3:$E$20,4,FALSE)),"")) | AG61: IF(F61="","",IF(OR(AA61="Cancelled",AC61="Cancelled"),"Cancelled",IF(OR(AC61="Completed / Handover",Y61<>"",Z61>=100),"Completed — on track",IF(O61="Not awarded",IF(U61="",IF(X61="","No planned date",IF(TODAY()>X61,"Behind — past planned date",IF(X61-TODAY()<=30,"At risk — close to off track","On track"))),IF(TODAY()>U61,"Behind — award date passed",IF(U61-TODAY()<=30,"At risk — close to off track","On track"))),IF(X61="","No planned date",IF(AND(TODAY()>X61,OR(Z61="",Z61<100)),"Behind — past end date",IF(AND(T61<>"",X61<>"",Z61<>"",(Z61<100),((TODAY()-T61)/MAX(X61-T61,1)*100)-Z61>15),"Behind — progress lag",IF(AND(X61-TODAY()<=30,X61-TODAY()>=0,OR(Z61="",Z61<90)),"At risk — close to off track","On track")))))))) | AH61: IF(OR(F61="",AC61="Completed / Handover",AC61="Cancelled"),"",IF(O61="Not awarded",IF(U61<>"",U61-TODAY(),IF(X61="","",X61-TODAY())),IF(X61="","",X61-TODAY()))) | AW61: IF(OR(F61="",AJ61=""),"",IF(COUNT(AI61:AI61)=0,"",AJ61-LOOKUP(2,1/(AI61:AI61<>""),AI61:AI61))) | AX61: IF(OR(F61="",AK61=""),"",IF(COUNT(AI61:AJ61)=0,"",AK61-LOOKUP(2,1/(AI61:AJ61<>""),AI61:AJ61))) | AY61: IF(OR(F61="",AL61=""),"",IF(COUNT(AI61:AK61)=0,"",AL61-LOOKUP(2,1/(AI61:AK61<>""),AI61:AK61))) | AZ61: IF(OR(F61="",AM61=""),"",IF(COUNT(AI61:AL61)=0,"",AM61-LOOKUP(2,1/(AI61:AL61<>""),AI61:AL61))) | BA61: IF(OR(F61="",AN61=""),"",IF(COUNT(AI61:AM61)=0,"",AN61-LOOKUP(2,1/(AI61:AM61<>""),AI61:AM61))) | BB61: IF(OR(F61="",AO61=""),"",IF(COUNT(AI61:AN61)=0,"",AO61-LOOKUP(2,1/(AI61:AN61<>""),AI61:AN61))) | BC61: IF(OR(F61="",AP61=""),"",IF(COUNT(AI61:AO61)=0,"",AP61-LOOKUP(2,1/(AI61:AO61<>""),AI61:AO61))) | BD61: IF(OR(F61="",AQ61=""),"",IF(COUNT(AI61:AP61)=0,"",AQ61-LOOKUP(2,1/(AI61:AP61<>""),AI61:AP61))) | BE61: IF(OR(F61="",AR61=""),"",IF(COUNT(AI61:AQ61)=0,"",AR61-LOOKUP(2,1/(AI61:AQ61<>""),AI61:AQ61))) | BF61: IF(OR(F61="",AS61=""),"",IF(COUNT(AI61:AR61)=0,"",AS61-LOOKUP(2,1/(AI61:AR61<>""),AI61:AR61))) | BG61: IF(OR(F61="",AT61=""),"",IF(COUNT(AI61:AS61)=0,"",AT61-LOOKUP(2,1/(AI61:AS61<>""),AI61:AS61))) | BH61: IF(OR(F61="",AU61=""),"",IF(COUNT(AI61:AT61)=0,"",AU61-LOOKUP(2,1/(AI61:AT61<>""),AI61:AT61))) | BI61: IF(OR(F61="",AV61=""),"",IF(COUNT(AI61:AU61)=0,"",AV61-LOOKUP(2,1/(AI61:AU61<>""),AI61:AU61))) | BJ61: IF(J61="","All_Provinces",IFERROR(VLOOKUP(J61,'09_Lookups'!$A$4:$B$20,2,FALSE),"All_Provinces")) | BK61: IF(K61="","All_Districts",IFERROR(VLOOKUP(K61,'09_Lookups'!$E$4:$F$42,2,FALSE),"All_Districts"))
A62: IF(F62="","",ROW()-3) | B62: AF2-DIS-02A | C62: Package #2 A&B-WBK/AF2 DIS: Demonstration of 12 Drip irrigation schemes of 1. Abdul Qadir, 2.Abdul Raqib, 3.Nazar Khan, 4.Khas Kunar, 5.Asmar, 6.Manogai, 7.Kunar University, 8.Parun, 9.Mateeullah, 10..Habibullah, 11.Surkhrood, and 12.Khewa, located in Alishing,Pacheragam, Batikot,Khas Kunar, Asmar, Manogai, Asadabad, Parun, Barg-e-Matal, Sorkhrud and Khewa districts of Laghman, Nangarhar, Kunar and Nuristan provinces. | D62: 6 of 12 | E62: AF2-DIS-N-020 | F62: 3. Nazar Khan Drip Irrigation Scheme | G62: Drip Irrigation | H62: Drip Irrigation Plot | I62: Emergency Food Security Project (EFSP) – WBK/AF-2 | J62: East / Jalalabad | K62: Nangarhar | L62: Batikot | M62: Heabat Khil | N62: World Bank (WBK/AF-2) | O62: Not awarded | P62: 5. Drip Irrigation systems | Q62: Nazar Khan | T62: IF(AQ62="","",AQ62) | U62: 46380 | V62: 4.9 | W62: 46530 | X62: IF(W62<>"",W62,IF(OR(T62="",V62=""),"",EDATE(T62,V62))) | AA62: Retendered (Re-ITB) | AB62: Five month construction period. No slack period considered for Laghman and Nagrahar and two months slack period for Kunar and Nuristan. '- | Farmer: Nazar Khan | AC62: IF(F62="","",IF(COUNT(AI62:AV62)=0,IF(AA62="","Not started",AA62),SUBSTITUTE(LOOKUP(2,1/(AI62:AV62<>""),$AI$3:$AV$3),"Date: ",""))) | AD62: IF(OR(F62="",COUNT(AI62:AV62)=0),"",TODAY()-LOOKUP(2,1/(AI62:AV62<>""),AI62:AV62)) | AE62: IF(OR(F62="",COUNT(AI62:AV62)<2),"",LOOKUP(2,1/(AI62:AV62<>""),AI62:AV62)-MIN(AI62:AV62)) | AF62: IF(OR(AD62="",AC62="Not started",AC62=""),"",IFERROR(AD62-IF(VLOOKUP(AC62,'06_Status_Pipeline'!$B$3:$E$20,4,FALSE)="",0,VLOOKUP(AC62,'06_Status_Pipeline'!$B$3:$E$20,4,FALSE)),"")) | AG62: IF(F62="","",IF(OR(AA62="Cancelled",AC62="Cancelled"),"Cancelled",IF(OR(AC62="Completed / Handover",Y62<>"",Z62>=100),"Completed — on track",IF(O62="Not awarded",IF(U62="",IF(X62="","No planned date",IF(TODAY()>X62,"Behind — past planned date",IF(X62-TODAY()<=30,"At risk — close to off track","On track"))),IF(TODAY()>U62,"Behind — award date passed",IF(U62-TODAY()<=30,"At risk — close to off track","On track"))),IF(X62="","No planned date",IF(AND(TODAY()>X62,OR(Z62="",Z62<100)),"Behind — past end date",IF(AND(T62<>"",X62<>"",Z62<>"",(Z62<100),((TODAY()-T62)/MAX(X62-T62,1)*100)-Z62>15),"Behind — progress lag",IF(AND(X62-TODAY()<=30,X62-TODAY()>=0,OR(Z62="",Z62<90)),"At risk — close to off track","On track")))))))) | AH62: IF(OR(F62="",AC62="Completed / Handover",AC62="Cancelled"),"",IF(O62="Not awarded",IF(U62<>"",U62-TODAY(),IF(X62="","",X62-TODAY())),IF(X62="","",X62-TODAY()))) | AW62: IF(OR(F62="",AJ62=""),"",IF(COUNT(AI62:AI62)=0,"",AJ62-LOOKUP(2,1/(AI62:AI62<>""),AI62:AI62))) | AX62: IF(OR(F62="",AK62=""),"",IF(COUNT(AI62:AJ62)=0,"",AK62-LOOKUP(2,1/(AI62:AJ62<>""),AI62:AJ62))) | AY62: IF(OR(F62="",AL62=""),"",IF(COUNT(AI62:AK62)=0,"",AL62-LOOKUP(2,1/(AI62:AK62<>""),AI62:AK62))) | AZ62: IF(OR(F62="",AM62=""),"",IF(COUNT(AI62:AL62)=0,"",AM62-LOOKUP(2,1/(AI62:AL62<>""),AI62:AL62))) | BA62: IF(OR(F62="",AN62=""),"",IF(COUNT(AI62:AM62)=0,"",AN62-LOOKUP(2,1/(AI62:AM62<>""),AI62:AM62))) | BB62: IF(OR(F62="",AO62=""),"",IF(COUNT(AI62:AN62)=0,"",AO62-LOOKUP(2,1/(AI62:AN62<>""),AI62:AN62))) | BC62: IF(OR(F62="",AP62=""),"",IF(COUNT(AI62:AO62)=0,"",AP62-LOOKUP(2,1/(AI62:AO62<>""),AI62:AO62))) | BD62: IF(OR(F62="",AQ62=""),"",IF(COUNT(AI62:AP62)=0,"",AQ62-LOOKUP(2,1/(AI62:AP62<>""),AI62:AP62))) | BE62: IF(OR(F62="",AR62=""),"",IF(COUNT(AI62:AQ62)=0,"",AR62-LOOKUP(2,1/(AI62:AQ62<>""),AI62:AQ62))) | BF62: IF(OR(F62="",AS62=""),"",IF(COUNT(AI62:AR62)=0,"",AS62-LOOKUP(2,1/(AI62:AR62<>""),AI62:AR62))) | BG62: IF(OR(F62="",AT62=""),"",IF(COUNT(AI62:AS62)=0,"",AT62-LOOKUP(2,1/(AI62:AS62<>""),AI62:AS62))) | BH62: IF(OR(F62="",AU62=""),"",IF(COUNT(AI62:AT62)=0,"",AU62-LOOKUP(2,1/(AI62:AT62<>""),AI62:AT62))) | BI62: IF(OR(F62="",AV62=""),"",IF(COUNT(AI62:AU62)=0,"",AV62-LOOKUP(2,1/(AI62:AU62<>""),AI62:AU62))) | BJ62: IF(J62="","All_Provinces",IFERROR(VLOOKUP(J62,'09_Lookups'!$A$4:$B$20,2,FALSE),"All_Provinces")) | BK62: IF(K62="","All_Districts",IFERROR(VLOOKUP(K62,'09_Lookups'!$E$4:$F$42,2,FALSE),"All_Districts"))
A63: IF(F63="","",ROW()-3) | B63: AF2-DIS-02A | C63: Package #2 A&B-WBK/AF2 DIS: Demonstration of 12 Drip irrigation schemes of 1. Abdul Qadir, 2.Abdul Raqib, 3.Nazar Khan, 4.Khas Kunar, 5.Asmar, 6.Manogai, 7.Kunar University, 8.Parun, 9.Mateeullah, 10..Habibullah, 11.Surkhrood, and 12.Khewa, located in Alishing,Pacheragam, Batikot,Khas Kunar, Asmar, Manogai, Asadabad, Parun, Barg-e-Matal, Sorkhrud and Khewa districts of Laghman, Nangarhar, Kunar and Nuristan provinces. | D63: 7 of 12 | E63: AF2-DIS-N-021 | F63: 4.Khas Kunar Drip Irrigation Scheme | G63: Drip Irrigation | H63: Drip Irrigation Plot | I63: Emergency Food Security Project (EFSP) – WBK/AF-2 | J63: East / Jalalabad | K63: Kunar | L63: Khas Kunar | M63: Chanchan | N63: World Bank (WBK/AF-2) | O63: Not awarded | P63: 5. Drip Irrigation systems | Q63: M. Nabi | S63: 6935.5 | T63: IF(AQ63="","",AQ63) | U63: 46380 | V63: 4.9 | W63: 46530 | X63: IF(W63<>"",W63,IF(OR(T63="",V63=""),"",EDATE(T63,V63))) | AA63: Retendered (Re-ITB) | AB63: Five month construction period. No slack period considered for Laghman and Nagrahar and two months slack period for Kunar and Nuristan. '- | Farmer: M. Nabi | AC63: IF(F63="","",IF(COUNT(AI63:AV63)=0,IF(AA63="","Not started",AA63),SUBSTITUTE(LOOKUP(2,1/(AI63:AV63<>""),$AI$3:$AV$3),"Date: ",""))) | AD63: IF(OR(F63="",COUNT(AI63:AV63)=0),"",TODAY()-LOOKUP(2,1/(AI63:AV63<>""),AI63:AV63)) | AE63: IF(OR(F63="",COUNT(AI63:AV63)<2),"",LOOKUP(2,1/(AI63:AV63<>""),AI63:AV63)-MIN(AI63:AV63)) | AF63: IF(OR(AD63="",AC63="Not started",AC63=""),"",IFERROR(AD63-IF(VLOOKUP(AC63,'06_Status_Pipeline'!$B$3:$E$20,4,FALSE)="",0,VLOOKUP(AC63,'06_Status_Pipeline'!$B$3:$E$20,4,FALSE)),"")) | AG63: IF(F63="","",IF(OR(AA63="Cancelled",AC63="Cancelled"),"Cancelled",IF(OR(AC63="Completed / Handover",Y63<>"",Z63>=100),"Completed — on track",IF(O63="Not awarded",IF(U63="",IF(X63="","No planned date",IF(TODAY()>X63,"Behind — past planned date",IF(X63-TODAY()<=30,"At risk — close to off track","On track"))),IF(TODAY()>U63,"Behind — award date passed",IF(U63-TODAY()<=30,"At risk — close to off track","On track"))),IF(X63="","No planned date",IF(AND(TODAY()>X63,OR(Z63="",Z63<100)),"Behind — past end date",IF(AND(T63<>"",X63<>"",Z63<>"",(Z63<100),((TODAY()-T63)/MAX(X63-T63,1)*100)-Z63>15),"Behind — progress lag",IF(AND(X63-TODAY()<=30,X63-TODAY()>=0,OR(Z63="",Z63<90)),"At risk — close to off track","On track")))))))) | AH63: IF(OR(F63="",AC63="Completed / Handover",AC63="Cancelled"),"",IF(O63="Not awarded",IF(U63<>"",U63-TODAY(),IF(X63="","",X63-TODAY())),IF(X63="","",X63-TODAY()))) | AW63: IF(OR(F63="",AJ63=""),"",IF(COUNT(AI63:AI63)=0,"",AJ63-LOOKUP(2,1/(AI63:AI63<>""),AI63:AI63))) | AX63: IF(OR(F63="",AK63=""),"",IF(COUNT(AI63:AJ63)=0,"",AK63-LOOKUP(2,1/(AI63:AJ63<>""),AI63:AJ63))) | AY63: IF(OR(F63="",AL63=""),"",IF(COUNT(AI63:AK63)=0,"",AL63-LOOKUP(2,1/(AI63:AK63<>""),AI63:AK63))) | AZ63: IF(OR(F63="",AM63=""),"",IF(COUNT(AI63:AL63)=0,"",AM63-LOOKUP(2,1/(AI63:AL63<>""),AI63:AL63))) | BA63: IF(OR(F63="",AN63=""),"",IF(COUNT(AI63:AM63)=0,"",AN63-LOOKUP(2,1/(AI63:AM63<>""),AI63:AM63))) | BB63: IF(OR(F63="",AO63=""),"",IF(COUNT(AI63:AN63)=0,"",AO63-LOOKUP(2,1/(AI63:AN63<>""),AI63:AN63))) | BC63: IF(OR(F63="",AP63=""),"",IF(COUNT(AI63:AO63)=0,"",AP63-LOOKUP(2,1/(AI63:AO63<>""),AI63:AO63))) | BD63: IF(OR(F63="",AQ63=""),"",IF(COUNT(AI63:AP63)=0,"",AQ63-LOOKUP(2,1/(AI63:AP63<>""),AI63:AP63))) | BE63: IF(OR(F63="",AR63=""),"",IF(COUNT(AI63:AQ63)=0,"",AR63-LOOKUP(2,1/(AI63:AQ63<>""),AI63:AQ63))) | BF63: IF(OR(F63="",AS63=""),"",IF(COUNT(AI63:AR63)=0,"",AS63-LOOKUP(2,1/(AI63:AR63<>""),AI63:AR63))) | BG63: IF(OR(F63="",AT63=""),"",IF(COUNT(AI63:AS63)=0,"",AT63-LOOKUP(2,1/(AI63:AS63<>""),AI63:AS63))) | BH63: IF(OR(F63="",AU63=""),"",IF(COUNT(AI63:AT63)=0,"",AU63-LOOKUP(2,1/(AI63:AT63<>""),AI63:AT63))) | BI63: IF(OR(F63="",AV63=""),"",IF(COUNT(AI63:AU63)=0,"",AV63-LOOKUP(2,1/(AI63:AU63<>""),AI63:AU63))) | BJ63: IF(J63="","All_Provinces",IFERROR(VLOOKUP(J63,'09_Lookups'!$A$4:$B$20,2,FALSE),"All_Provinces")) | BK63: IF(K63="","All_Districts",IFERROR(VLOOKUP(K63,'09_Lookups'!$E$4:$F$42,2,FALSE),"All_Districts"))
A64: IF(F64="","",ROW()-3) | B64: AF2-DIS-02A | C64: Package #2 A&B-WBK/AF2 DIS: Demonstration of 12 Drip irrigation schemes of 1. Abdul Qadir, 2.Abdul Raqib, 3.Nazar Khan, 4.Khas Kunar, 5.Asmar, 6.Manogai, 7.Kunar University, 8.Parun, 9.Mateeullah, 10..Habibullah, 11.Surkhrood, and 12.Khewa, located in Alishing,Pacheragam, Batikot,Khas Kunar, Asmar, Manogai, Asadabad, Parun, Barg-e-Matal, Sorkhrud and Khewa districts of Laghman, Nangarhar, Kunar and Nuristan provinces. | D64: 8 of 12 | E64: AF2-DIS-N-022 | F64: 5.Asmar Drip Irrigation Scheme | G64: Drip Irrigation | H64: Drip Irrigation Plot | I64: Emergency Food Security Project (EFSP) – WBK/AF-2 | J64: East / Jalalabad | K64: Kunar | L64: Asmar | M64: Baylaye | N64: World Bank (WBK/AF-2) | O64: Not awarded | P64: 5. Drip Irrigation systems | Q64: Malik Rostam | S64: 4921.9 | T64: IF(AQ64="","",AQ64) | U64: 46380 | V64: 4.9 | W64: 46530 | X64: IF(W64<>"",W64,IF(OR(T64="",V64=""),"",EDATE(T64,V64))) | AA64: Retendered (Re-ITB) | AB64: Five month construction period. No slack period considered for Laghman and Nagrahar and two months slack period for Kunar and Nuristan. '- | Farmer: Malik Rostam | AC64: IF(F64="","",IF(COUNT(AI64:AV64)=0,IF(AA64="","Not started",AA64),SUBSTITUTE(LOOKUP(2,1/(AI64:AV64<>""),$AI$3:$AV$3),"Date: ",""))) | AD64: IF(OR(F64="",COUNT(AI64:AV64)=0),"",TODAY()-LOOKUP(2,1/(AI64:AV64<>""),AI64:AV64)) | AE64: IF(OR(F64="",COUNT(AI64:AV64)<2),"",LOOKUP(2,1/(AI64:AV64<>""),AI64:AV64)-MIN(AI64:AV64)) | AF64: IF(OR(AD64="",AC64="Not started",AC64=""),"",IFERROR(AD64-IF(VLOOKUP(AC64,'06_Status_Pipeline'!$B$3:$E$20,4,FALSE)="",0,VLOOKUP(AC64,'06_Status_Pipeline'!$B$3:$E$20,4,FALSE)),"")) | AG64: IF(F64="","",IF(OR(AA64="Cancelled",AC64="Cancelled"),"Cancelled",IF(OR(AC64="Completed / Handover",Y64<>"",Z64>=100),"Completed — on track",IF(O64="Not awarded",IF(U64="",IF(X64="","No planned date",IF(TODAY()>X64,"Behind — past planned date",IF(X64-TODAY()<=30,"At risk — close to off track","On track"))),IF(TODAY()>U64,"Behind — award date passed",IF(U64-TODAY()<=30,"At risk — close to off track","On track"))),IF(X64="","No planned date",IF(AND(TODAY()>X64,OR(Z64="",Z64<100)),"Behind — past end date",IF(AND(T64<>"",X64<>"",Z64<>"",(Z64<100),((TODAY()-T64)/MAX(X64-T64,1)*100)-Z64>15),"Behind — progress lag",IF(AND(X64-TODAY()<=30,X64-TODAY()>=0,OR(Z64="",Z64<90)),"At risk — close to off track","On track")))))))) | AH64: IF(OR(F64="",AC64="Completed / Handover",AC64="Cancelled"),"",IF(O64="Not awarded",IF(U64<>"",U64-TODAY(),IF(X64="","",X64-TODAY())),IF(X64="","",X64-TODAY()))) | AW64: IF(OR(F64="",AJ64=""),"",IF(COUNT(AI64:AI64)=0,"",AJ64-LOOKUP(2,1/(AI64:AI64<>""),AI64:AI64))) | AX64: IF(OR(F64="",AK64=""),"",IF(COUNT(AI64:AJ64)=0,"",AK64-LOOKUP(2,1/(AI64:AJ64<>""),AI64:AJ64))) | AY64: IF(OR(F64="",AL64=""),"",IF(COUNT(AI64:AK64)=0,"",AL64-LOOKUP(2,1/(AI64:AK64<>""),AI64:AK64))) | AZ64: IF(OR(F64="",AM64=""),"",IF(COUNT(AI64:AL64)=0,"",AM64-LOOKUP(2,1/(AI64:AL64<>""),AI64:AL64))) | BA64: IF(OR(F64="",AN64=""),"",IF(COUNT(AI64:AM64)=0,"",AN64-LOOKUP(2,1/(AI64:AM64<>""),AI64:AM64))) | BB64: IF(OR(F64="",AO64=""),"",IF(COUNT(AI64:AN64)=0,"",AO64-LOOKUP(2,1/(AI64:AN64<>""),AI64:AN64))) | BC64: IF(OR(F64="",AP64=""),"",IF(COUNT(AI64:AO64)=0,"",AP64-LOOKUP(2,1/(AI64:AO64<>""),AI64:AO64))) | BD64: IF(OR(F64="",AQ64=""),"",IF(COUNT(AI64:AP64)=0,"",AQ64-LOOKUP(2,1/(AI64:AP64<>""),AI64:AP64))) | BE64: IF(OR(F64="",AR64=""),"",IF(COUNT(AI64:AQ64)=0,"",AR64-LOOKUP(2,1/(AI64:AQ64<>""),AI64:AQ64))) | BF64: IF(OR(F64="",AS64=""),"",IF(COUNT(AI64:AR64)=0,"",AS64-LOOKUP(2,1/(AI64:AR64<>""),AI64:AR64))) | BG64: IF(OR(F64="",AT64=""),"",IF(COUNT(AI64:AS64)=0,"",AT64-LOOKUP(2,1/(AI64:AS64<>""),AI64:AS64))) | BH64: IF(OR(F64="",AU64=""),"",IF(COUNT(AI64:AT64)=0,"",AU64-LOOKUP(2,1/(AI64:AT64<>""),AI64:AT64))) | BI64: IF(OR(F64="",AV64=""),"",IF(COUNT(AI64:AU64)=0,"",AV64-LOOKUP(2,1/(AI64:AU64<>""),AI64:AU64))) | BJ64: IF(J64="","All_Provinces",IFERROR(VLOOKUP(J64,'09_Lookups'!$A$4:$B$20,2,FALSE),"All_Provinces")) | BK64: IF(K64="","All_Districts",IFERROR(VLOOKUP(K64,'09_Lookups'!$E$4:$F$42,2,FALSE),"All_Districts"))
A65: IF(F65="","",ROW()-3) | B65: AF2-DIS-02A | C65: Package #2 A&B-WBK/AF2 DIS: Demonstration of 12 Drip irrigation schemes of 1. Abdul Qadir, 2.Abdul Raqib, 3.Nazar Khan, 4.Khas Kunar, 5.Asmar, 6.Manogai, 7.Kunar University, 8.Parun, 9.Mateeullah, 10..Habibullah, 11.Surkhrood, and 12.Khewa, located in Alishing,Pacheragam, Batikot,Khas Kunar, Asmar, Manogai, Asadabad, Parun, Barg-e-Matal, Sorkhrud and Khewa districts of Laghman, Nangarhar, Kunar and Nuristan provinces. | D65: 9 of 12 | E65: AF2-DIS-N-023 | F65: 6.Manogai Drip Irrigation Scheme | G65: Drip Irrigation | H65: Drip Irrigation Plot | I65: Emergency Food Security Project (EFSP) – WBK/AF-2 | J65: East / Jalalabad | K65: Kunar | L65: Manogai | M65: Dabarzai | N65: World Bank (WBK/AF-2) | O65: Not awarded | P65: 5. Drip Irrigation systems | Q65: M. Afzal | S65: 5530.7 | T65: IF(AQ65="","",AQ65) | U65: 46380 | V65: 4.9 | W65: 46530 | X65: IF(W65<>"",W65,IF(OR(T65="",V65=""),"",EDATE(T65,V65))) | AA65: Retendered (Re-ITB) | AB65: Five month construction period. No slack period considered for Laghman and Nagrahar and two months slack period for Kunar and Nuristan. '- | Farmer: M. Afzal | AC65: IF(F65="","",IF(COUNT(AI65:AV65)=0,IF(AA65="","Not started",AA65),SUBSTITUTE(LOOKUP(2,1/(AI65:AV65<>""),$AI$3:$AV$3),"Date: ",""))) | AD65: IF(OR(F65="",COUNT(AI65:AV65)=0),"",TODAY()-LOOKUP(2,1/(AI65:AV65<>""),AI65:AV65)) | AE65: IF(OR(F65="",COUNT(AI65:AV65)<2),"",LOOKUP(2,1/(AI65:AV65<>""),AI65:AV65)-MIN(AI65:AV65)) | AF65: IF(OR(AD65="",AC65="Not started",AC65=""),"",IFERROR(AD65-IF(VLOOKUP(AC65,'06_Status_Pipeline'!$B$3:$E$20,4,FALSE)="",0,VLOOKUP(AC65,'06_Status_Pipeline'!$B$3:$E$20,4,FALSE)),"")) | AG65: IF(F65="","",IF(OR(AA65="Cancelled",AC65="Cancelled"),"Cancelled",IF(OR(AC65="Completed / Handover",Y65<>"",Z65>=100),"Completed — on track",IF(O65="Not awarded",IF(U65="",IF(X65="","No planned date",IF(TODAY()>X65,"Behind — past planned date",IF(X65-TODAY()<=30,"At risk — close to off track","On track"))),IF(TODAY()>U65,"Behind — award date passed",IF(U65-TODAY()<=30,"At risk — close to off track","On track"))),IF(X65="","No planned date",IF(AND(TODAY()>X65,OR(Z65="",Z65<100)),"Behind — past end date",IF(AND(T65<>"",X65<>"",Z65<>"",(Z65<100),((TODAY()-T65)/MAX(X65-T65,1)*100)-Z65>15),"Behind — progress lag",IF(AND(X65-TODAY()<=30,X65-TODAY()>=0,OR(Z65="",Z65<90)),"At risk — close to off track","On track")))))))) | AH65: IF(OR(F65="",AC65="Completed / Handover",AC65="Cancelled"),"",IF(O65="Not awarded",IF(U65<>"",U65-TODAY(),IF(X65="","",X65-TODAY())),IF(X65="","",X65-TODAY()))) | AW65: IF(OR(F65="",AJ65=""),"",IF(COUNT(AI65:AI65)=0,"",AJ65-LOOKUP(2,1/(AI65:AI65<>""),AI65:AI65))) | AX65: IF(OR(F65="",AK65=""),"",IF(COUNT(AI65:AJ65)=0,"",AK65-LOOKUP(2,1/(AI65:AJ65<>""),AI65:AJ65))) | AY65: IF(OR(F65="",AL65=""),"",IF(COUNT(AI65:AK65)=0,"",AL65-LOOKUP(2,1/(AI65:AK65<>""),AI65:AK65))) | AZ65: IF(OR(F65="",AM65=""),"",IF(COUNT(AI65:AL65)=0,"",AM65-LOOKUP(2,1/(AI65:AL65<>""),AI65:AL65))) | BA65: IF(OR(F65="",AN65=""),"",IF(COUNT(AI65:AM65)=0,"",AN65-LOOKUP(2,1/(AI65:AM65<>""),AI65:AM65))) | BB65: IF(OR(F65="",AO65=""),"",IF(COUNT(AI65:AN65)=0,"",AO65-LOOKUP(2,1/(AI65:AN65<>""),AI65:AN65))) | BC65: IF(OR(F65="",AP65=""),"",IF(COUNT(AI65:AO65)=0,"",AP65-LOOKUP(2,1/(AI65:AO65<>""),AI65:AO65))) | BD65: IF(OR(F65="",AQ65=""),"",IF(COUNT(AI65:AP65)=0,"",AQ65-LOOKUP(2,1/(AI65:AP65<>""),AI65:AP65))) | BE65: IF(OR(F65="",AR65=""),"",IF(COUNT(AI65:AQ65)=0,"",AR65-LOOKUP(2,1/(AI65:AQ65<>""),AI65:AQ65))) | BF65: IF(OR(F65="",AS65=""),"",IF(COUNT(AI65:AR65)=0,"",AS65-LOOKUP(2,1/(AI65:AR65<>""),AI65:AR65))) | BG65: IF(OR(F65="",AT65=""),"",IF(COUNT(AI65:AS65)=0,"",AT65-LOOKUP(2,1/(AI65:AS65<>""),AI65:AS65))) | BH65: IF(OR(F65="",AU65=""),"",IF(COUNT(AI65:AT65)=0,"",AU65-LOOKUP(2,1/(AI65:AT65<>""),AI65:AT65))) | BI65: IF(OR(F65="",AV65=""),"",IF(COUNT(AI65:AU65)=0,"",AV65-LOOKUP(2,1/(AI65:AU65<>""),AI65:AU65))) | BJ65: IF(J65="","All_Provinces",IFERROR(VLOOKUP(J65,'09_Lookups'!$A$4:$B$20,2,FALSE),"All_Provinces")) | BK65: IF(K65="","All_Districts",IFERROR(VLOOKUP(K65,'09_Lookups'!$E$4:$F$42,2,FALSE),"All_Districts"))
A66: IF(F66="","",ROW()-3) | B66: AF2-DIS-02A | C66: Package #2 A&B-WBK/AF2 DIS: Demonstration of 12 Drip irrigation schemes of 1. Abdul Qadir, 2.Abdul Raqib, 3.Nazar Khan, 4.Khas Kunar, 5.Asmar, 6.Manogai, 7.Kunar University, 8.Parun, 9.Mateeullah, 10..Habibullah, 11.Surkhrood, and 12.Khewa, located in Alishing,Pacheragam, Batikot,Khas Kunar, Asmar, Manogai, Asadabad, Parun, Barg-e-Matal, Sorkhrud and Khewa districts of Laghman, Nangarhar, Kunar and Nuristan provinces. | D66: 10 of 12 | E66: AF2-DIS-N-024 | F66: 7.Kunar University Drip irrigation Scheme | G66: Drip Irrigation | H66: Drip Irrigation Plot | I66: Emergency Food Security Project (EFSP) – WBK/AF-2 | J66: East / Jalalabad | K66: Kunar | L66: Asadabad | M66: Kunar University | N66: World Bank (WBK/AF-2) | O66: Not awarded | P66: 5. Drip Irrigation systems | Q66: Kunar University | S66: 4255.5 | T66: IF(AQ66="","",AQ66) | U66: 46380 | V66: 4.9 | W66: 46530 | X66: IF(W66<>"",W66,IF(OR(T66="",V66=""),"",EDATE(T66,V66))) | AA66: Retendered (Re-ITB) | AB66: Five month construction period. No slack period considered for Laghman and Nagrahar and two months slack period for Kunar and Nuristan. '- | Farmer: Kunar University | AC66: IF(F66="","",IF(COUNT(AI66:AV66)=0,IF(AA66="","Not started",AA66),SUBSTITUTE(LOOKUP(2,1/(AI66:AV66<>""),$AI$3:$AV$3),"Date: ",""))) | AD66: IF(OR(F66="",COUNT(AI66:AV66)=0),"",TODAY()-LOOKUP(2,1/(AI66:AV66<>""),AI66:AV66)) | AE66: IF(OR(F66="",COUNT(AI66:AV66)<2),"",LOOKUP(2,1/(AI66:AV66<>""),AI66:AV66)-MIN(AI66:AV66)) | AF66: IF(OR(AD66="",AC66="Not started",AC66=""),"",IFERROR(AD66-IF(VLOOKUP(AC66,'06_Status_Pipeline'!$B$3:$E$20,4,FALSE)="",0,VLOOKUP(AC66,'06_Status_Pipeline'!$B$3:$E$20,4,FALSE)),"")) | AG66: IF(F66="","",IF(OR(AA66="Cancelled",AC66="Cancelled"),"Cancelled",IF(OR(AC66="Completed / Handover",Y66<>"",Z66>=100),"Completed — on track",IF(O66="Not awarded",IF(U66="",IF(X66="","No planned date",IF(TODAY()>X66,"Behind — past planned date",IF(X66-TODAY()<=30,"At risk — close to off track","On track"))),IF(TODAY()>U66,"Behind — award date passed",IF(U66-TODAY()<=30,"At risk — close to off track","On track"))),IF(X66="","No planned date",IF(AND(TODAY()>X66,OR(Z66="",Z66<100)),"Behind — past end date",IF(AND(T66<>"",X66<>"",Z66<>"",(Z66<100),((TODAY()-T66)/MAX(X66-T66,1)*100)-Z66>15),"Behind — progress lag",IF(AND(X66-TODAY()<=30,X66-TODAY()>=0,OR(Z66="",Z66<90)),"At risk — close to off track","On track")))))))) | AH66: IF(OR(F66="",AC66="Completed / Handover",AC66="Cancelled"),"",IF(O66="Not awarded",IF(U66<>"",U66-TODAY(),IF(X66="","",X66-TODAY())),IF(X66="","",X66-TODAY()))) | AW66: IF(OR(F66="",AJ66=""),"",IF(COUNT(AI66:AI66)=0,"",AJ66-LOOKUP(2,1/(AI66:AI66<>""),AI66:AI66))) | AX66: IF(OR(F66="",AK66=""),"",IF(COUNT(AI66:AJ66)=0,"",AK66-LOOKUP(2,1/(AI66:AJ66<>""),AI66:AJ66))) | AY66: IF(OR(F66="",AL66=""),"",IF(COUNT(AI66:AK66)=0,"",AL66-LOOKUP(2,1/(AI66:AK66<>""),AI66:AK66))) | AZ66: IF(OR(F66="",AM66=""),"",IF(COUNT(AI66:AL66)=0,"",AM66-LOOKUP(2,1/(AI66:AL66<>""),AI66:AL66))) | BA66: IF(OR(F66="",AN66=""),"",IF(COUNT(AI66:AM66)=0,"",AN66-LOOKUP(2,1/(AI66:AM66<>""),AI66:AM66))) | BB66: IF(OR(F66="",AO66=""),"",IF(COUNT(AI66:AN66)=0,"",AO66-LOOKUP(2,1/(AI66:AN66<>""),AI66:AN66))) | BC66: IF(OR(F66="",AP66=""),"",IF(COUNT(AI66:AO66)=0,"",AP66-LOOKUP(2,1/(AI66:AO66<>""),AI66:AO66))) | BD66: IF(OR(F66="",AQ66=""),"",IF(COUNT(AI66:AP66)=0,"",AQ66-LOOKUP(2,1/(AI66:AP66<>""),AI66:AP66))) | BE66: IF(OR(F66="",AR66=""),"",IF(COUNT(AI66:AQ66)=0,"",AR66-LOOKUP(2,1/(AI66:AQ66<>""),AI66:AQ66))) | BF66: IF(OR(F66="",AS66=""),"",IF(COUNT(AI66:AR66)=0,"",AS66-LOOKUP(2,1/(AI66:AR66<>""),AI66:AR66))) | BG66: IF(OR(F66="",AT66=""),"",IF(COUNT(AI66:AS66)=0,"",AT66-LOOKUP(2,1/(AI66:AS66<>""),AI66:AS66))) | BH66: IF(OR(F66="",AU66=""),"",IF(COUNT(AI66:AT66)=0,"",AU66-LOOKUP(2,1/(AI66:AT66<>""),AI66:AT66))) | BI66: IF(OR(F66="",AV66=""),"",IF(COUNT(AI66:AU66)=0,"",AV66-LOOKUP(2,1/(AI66:AU66<>""),AI66:AU66))) | BJ66: IF(J66="","All_Provinces",IFERROR(VLOOKUP(J66,'09_Lookups'!$A$4:$B$20,2,FALSE),"All_Provinces")) | BK66: IF(K66="","All_Districts",IFERROR(VLOOKUP(K66,'09_Lookups'!$E$4:$F$42,2,FALSE),"All_Districts"))
A67: IF(F67="","",ROW()-3) | B67: AF2-DIS-02A | C67: Package #2 A&B-WBK/AF2 DIS: Demonstration of 12 Drip irrigation schemes of 1. Abdul Qadir, 2.Abdul Raqib, 3.Nazar Khan, 4.Khas Kunar, 5.Asmar, 6.Manogai, 7.Kunar University, 8.Parun, 9.Mateeullah, 10..Habibullah, 11.Surkhrood, and 12.Khewa, located in Alishing,Pacheragam, Batikot,Khas Kunar, Asmar, Manogai, Asadabad, Parun, Barg-e-Matal, Sorkhrud and Khewa districts of Laghman, Nangarhar, Kunar and Nuristan provinces. | D67: 11 of 12 | E67: AF2-DIS-N-025 | F67: 8.Parun Drip irrigation Site | G67: Drip Irrigation | H67: Drip Irrigation Plot | I67: Emergency Food Security Project (EFSP) – WBK/AF-2 | J67: East / Jalalabad | K67: Nuristan | L67: Parun | M67: Ishtivi | N67: World Bank (WBK/AF-2) | O67: Not awarded | P67: 5. Drip Irrigation systems | Q67: Ehsanullah | S67: 5725.3 | T67: IF(AQ67="","",AQ67) | U67: 46380 | V67: 4.9 | W67: 46530 | X67: IF(W67<>"",W67,IF(OR(T67="",V67=""),"",EDATE(T67,V67))) | AA67: Retendered (Re-ITB) | AB67: Five month construction period. No slack period considered for Laghman and Nagrahar and two months slack period for Kunar and Nuristan. '- | Farmer: Ehsanullah | AC67: IF(F67="","",IF(COUNT(AI67:AV67)=0,IF(AA67="","Not started",AA67),SUBSTITUTE(LOOKUP(2,1/(AI67:AV67<>""),$AI$3:$AV$3),"Date: ",""))) | AD67: IF(OR(F67="",COUNT(AI67:AV67)=0),"",TODAY()-LOOKUP(2,1/(AI67:AV67<>""),AI67:AV67)) | AE67: IF(OR(F67="",COUNT(AI67:AV67)<2),"",LOOKUP(2,1/(AI67:AV67<>""),AI67:AV67)-MIN(AI67:AV67)) | AF67: IF(OR(AD67="",AC67="Not started",AC67=""),"",IFERROR(AD67-IF(VLOOKUP(AC67,'06_Status_Pipeline'!$B$3:$E$20,4,FALSE)="",0,VLOOKUP(AC67,'06_Status_Pipeline'!$B$3:$E$20,4,FALSE)),"")) | AG67: IF(F67="","",IF(OR(AA67="Cancelled",AC67="Cancelled"),"Cancelled",IF(OR(AC67="Completed / Handover",Y67<>"",Z67>=100),"Completed — on track",IF(O67="Not awarded",IF(U67="",IF(X67="","No planned date",IF(TODAY()>X67,"Behind — past planned date",IF(X67-TODAY()<=30,"At risk — close to off track","On track"))),IF(TODAY()>U67,"Behind — award date passed",IF(U67-TODAY()<=30,"At risk — close to off track","On track"))),IF(X67="","No planned date",IF(AND(TODAY()>X67,OR(Z67="",Z67<100)),"Behind — past end date",IF(AND(T67<>"",X67<>"",Z67<>"",(Z67<100),((TODAY()-T67)/MAX(X67-T67,1)*100)-Z67>15),"Behind — progress lag",IF(AND(X67-TODAY()<=30,X67-TODAY()>=0,OR(Z67="",Z67<90)),"At risk — close to off track","On track")))))))) | AH67: IF(OR(F67="",AC67="Completed / Handover",AC67="Cancelled"),"",IF(O67="Not awarded",IF(U67<>"",U67-TODAY(),IF(X67="","",X67-TODAY())),IF(X67="","",X67-TODAY()))) | AW67: IF(OR(F67="",AJ67=""),"",IF(COUNT(AI67:AI67)=0,"",AJ67-LOOKUP(2,1/(AI67:AI67<>""),AI67:AI67))) | AX67: IF(OR(F67="",AK67=""),"",IF(COUNT(AI67:AJ67)=0,"",AK67-LOOKUP(2,1/(AI67:AJ67<>""),AI67:AJ67))) | AY67: IF(OR(F67="",AL67=""),"",IF(COUNT(AI67:AK67)=0,"",AL67-LOOKUP(2,1/(AI67:AK67<>""),AI67:AK67))) | AZ67: IF(OR(F67="",AM67=""),"",IF(COUNT(AI67:AL67)=0,"",AM67-LOOKUP(2,1/(AI67:AL67<>""),AI67:AL67))) | BA67: IF(OR(F67="",AN67=""),"",IF(COUNT(AI67:AM67)=0,"",AN67-LOOKUP(2,1/(AI67:AM67<>""),AI67:AM67))) | BB67: IF(OR(F67="",AO67=""),"",IF(COUNT(AI67:AN67)=0,"",AO67-LOOKUP(2,1/(AI67:AN67<>""),AI67:AN67))) | BC67: IF(OR(F67="",AP67=""),"",IF(COUNT(AI67:AO67)=0,"",AP67-LOOKUP(2,1/(AI67:AO67<>""),AI67:AO67))) | BD67: IF(OR(F67="",AQ67=""),"",IF(COUNT(AI67:AP67)=0,"",AQ67-LOOKUP(2,1/(AI67:AP67<>""),AI67:AP67))) | BE67: IF(OR(F67="",AR67=""),"",IF(COUNT(AI67:AQ67)=0,"",AR67-LOOKUP(2,1/(AI67:AQ67<>""),AI67:AQ67))) | BF67: IF(OR(F67="",AS67=""),"",IF(COUNT(AI67:AR67)=0,"",AS67-LOOKUP(2,1/(AI67:AR67<>""),AI67:AR67))) | BG67: IF(OR(F67="",AT67=""),"",IF(COUNT(AI67:AS67)=0,"",AT67-LOOKUP(2,1/(AI67:AS67<>""),AI67:AS67))) | BH67: IF(OR(F67="",AU67=""),"",IF(COUNT(AI67:AT67)=0,"",AU67-LOOKUP(2,1/(AI67:AT67<>""),AI67:AT67))) | BI67: IF(OR(F67="",AV67=""),"",IF(COUNT(AI67:AU67)=0,"",AV67-LOOKUP(2,1/(AI67:AU67<>""),AI67:AU67))) | BJ67: IF(J67="","All_Provinces",IFERROR(VLOOKUP(J67,'09_Lookups'!$A$4:$B$20,2,FALSE),"All_Provinces")) | BK67: IF(K67="","All_Districts",IFERROR(VLOOKUP(K67,'09_Lookups'!$E$4:$F$42,2,FALSE),"All_Districts"))
A68: IF(F68="","",ROW()-3) | B68: AF2-DIS-02A | C68: Package #2 A&B-WBK/AF2 DIS: Demonstration of 12 Drip irrigation schemes of 1. Abdul Qadir, 2.Abdul Raqib, 3.Nazar Khan, 4.Khas Kunar, 5.Asmar, 6.Manogai, 7.Kunar University, 8.Parun, 9.Mateeullah, 10..Habibullah, 11.Surkhrood, and 12.Khewa, located in Alishing,Pacheragam, Batikot,Khas Kunar, Asmar, Manogai, Asadabad, Parun, Barg-e-Matal, Sorkhrud and Khewa districts of Laghman, Nangarhar, Kunar and Nuristan provinces. | D68: 12 of 12 | E68: AF2-DIS-N-026 | F68: 9.Mateeullah Drip irrigation Site | G68: Drip Irrigation | H68: Drip Irrigation Plot | I68: Emergency Food Security Project (EFSP) – WBK/AF-2 | J68: East / Jalalabad | K68: Nuristan | L68: Parun | M68: Pronz | N68: World Bank (WBK/AF-2) | O68: Not awarded | P68: 5. Drip Irrigation systems | Q68: Mateeullah | S68: 5216.26 | T68: IF(AQ68="","",AQ68) | U68: 46380 | V68: 4.9 | W68: 46530 | X68: IF(W68<>"",W68,IF(OR(T68="",V68=""),"",EDATE(T68,V68))) | AA68: Retendered (Re-ITB) | AB68: Five month construction period. No slack period considered for Laghman and Nagrahar and two months slack period for Kunar and Nuristan. '- | Farmer: Mateeullah | AC68: IF(F68="","",IF(COUNT(AI68:AV68)=0,IF(AA68="","Not started",AA68),SUBSTITUTE(LOOKUP(2,1/(AI68:AV68<>""),$AI$3:$AV$3),"Date: ",""))) | AD68: IF(OR(F68="",COUNT(AI68:AV68)=0),"",TODAY()-LOOKUP(2,1/(AI68:AV68<>""),AI68:AV68)) | AE68: IF(OR(F68="",COUNT(AI68:AV68)<2),"",LOOKUP(2,1/(AI68:AV68<>""),AI68:AV68)-MIN(AI68:AV68)) | AF68: IF(OR(AD68="",AC68="Not started",AC68=""),"",IFERROR(AD68-IF(VLOOKUP(AC68,'06_Status_Pipeline'!$B$3:$E$20,4,FALSE)="",0,VLOOKUP(AC68,'06_Status_Pipeline'!$B$3:$E$20,4,FALSE)),"")) | AG68: IF(F68="","",IF(OR(AA68="Cancelled",AC68="Cancelled"),"Cancelled",IF(OR(AC68="Completed / Handover",Y68<>"",Z68>=100),"Completed — on track",IF(O68="Not awarded",IF(U68="",IF(X68="","No planned date",IF(TODAY()>X68,"Behind — past planned date",IF(X68-TODAY()<=30,"At risk — close to off track","On track"))),IF(TODAY()>U68,"Behind — award date passed",IF(U68-TODAY()<=30,"At risk — close to off track","On track"))),IF(X68="","No planned date",IF(AND(TODAY()>X68,OR(Z68="",Z68<100)),"Behind — past end date",IF(AND(T68<>"",X68<>"",Z68<>"",(Z68<100),((TODAY()-T68)/MAX(X68-T68,1)*100)-Z68>15),"Behind — progress lag",IF(AND(X68-TODAY()<=30,X68-TODAY()>=0,OR(Z68="",Z68<90)),"At risk — close to off track","On track")))))))) | AH68: IF(OR(F68="",AC68="Completed / Handover",AC68="Cancelled"),"",IF(O68="Not awarded",IF(U68<>"",U68-TODAY(),IF(X68="","",X68-TODAY())),IF(X68="","",X68-TODAY()))) | AW68: IF(OR(F68="",AJ68=""),"",IF(COUNT(AI68:AI68)=0,"",AJ68-LOOKUP(2,1/(AI68:AI68<>""),AI68:AI68))) | AX68: IF(OR(F68="",AK68=""),"",IF(COUNT(AI68:AJ68)=0,"",AK68-LOOKUP(2,1/(AI68:AJ68<>""),AI68:AJ68))) | AY68: IF(OR(F68="",AL68=""),"",IF(COUNT(AI68:AK68)=0,"",AL68-LOOKUP(2,1/(AI68:AK68<>""),AI68:AK68))) | AZ68: IF(OR(F68="",AM68=""),"",IF(COUNT(AI68:AL68)=0,"",AM68-LOOKUP(2,1/(AI68:AL68<>""),AI68:AL68))) | BA68: IF(OR(F68="",AN68=""),"",IF(COUNT(AI68:AM68)=0,"",AN68-LOOKUP(2,1/(AI68:AM68<>""),AI68:AM68))) | BB68: IF(OR(F68="",AO68=""),"",IF(COUNT(AI68:AN68)=0,"",AO68-LOOKUP(2,1/(AI68:AN68<>""),AI68:AN68))) | BC68: IF(OR(F68="",AP68=""),"",IF(COUNT(AI68:AO68)=0,"",AP68-LOOKUP(2,1/(AI68:AO68<>""),AI68:AO68))) | BD68: IF(OR(F68="",AQ68=""),"",IF(COUNT(AI68:AP68)=0,"",AQ68-LOOKUP(2,1/(AI68:AP68<>""),AI68:AP68))) | BE68: IF(OR(F68="",AR68=""),"",IF(COUNT(AI68:AQ68)=0,"",AR68-LOOKUP(2,1/(AI68:AQ68<>""),AI68:AQ68))) | BF68: IF(OR(F68="",AS68=""),"",IF(COUNT(AI68:AR68)=0,"",AS68-LOOKUP(2,1/(AI68:AR68<>""),AI68:AR68))) | BG68: IF(OR(F68="",AT68=""),"",IF(COUNT(AI68:AS68)=0,"",AT68-LOOKUP(2,1/(AI68:AS68<>""),AI68:AS68))) | BH68: IF(OR(F68="",AU68=""),"",IF(COUNT(AI68:AT68)=0,"",AU68-LOOKUP(2,1/(AI68:AT68<>""),AI68:AT68))) | BI68: IF(OR(F68="",AV68=""),"",IF(COUNT(AI68:AU68)=0,"",AV68-LOOKUP(2,1/(AI68:AU68<>""),AI68:AU68))) | BJ68: IF(J68="","All_Provinces",IFERROR(VLOOKUP(J68,'09_Lookups'!$A$4:$B$20,2,FALSE),"All_Provinces")) | BK68: IF(K68="","All_Districts",IFERROR(VLOOKUP(K68,'09_Lookups'!$E$4:$F$42,2,FALSE),"All_Districts"))
A69: IF(F69="","",ROW()-3) | B69: AF2-DIS-03 | C69: Package #3-WBK/AF2 DIS: Demonstration of 14 Drip irrigation schemes at 13 district sites of 1. Parwan, 2. Kabul, 3. Wardak and 4. Kapisa provinces. | D69: 1 of 14 | E69: AF2-DIS-N-027 | F69: Alberoni University Drip irrigation schemes | G69: Drip Irrigation | H69: Drip Irrigation Plot | I69: Emergency Food Security Project (EFSP) – WBK/AF-2 | J69: Central / Kabul | K69: Kapisa | L69: Hesa-e- Awal Kohistan | M69: Alberoni university | N69: World Bank (WBK/AF-2) | O69: Not awarded | P69: 5. Drip Irrigation systems | Q69: Alberoni University | S69: 4250 | T69: IF(AQ69="","",AQ69) | U69: 46376 | V69: 6.3 | W69: 46568 | X69: IF(W69<>"",W69,IF(OR(T69="",V69=""),"",EDATE(T69,V69))) | AA69: Retendered (Re-ITB) | AB69: Slack period from mid December to March 2026. Four months construction period.'''- | Farmer: Alberoni University | AC69: IF(F69="","",IF(COUNT(AI69:AV69)=0,IF(AA69="","Not started",AA69),SUBSTITUTE(LOOKUP(2,1/(AI69:AV69<>""),$AI$3:$AV$3),"Date: ",""))) | AD69: IF(OR(F69="",COUNT(AI69:AV69)=0),"",TODAY()-LOOKUP(2,1/(AI69:AV69<>""),AI69:AV69)) | AE69: IF(OR(F69="",COUNT(AI69:AV69)<2),"",LOOKUP(2,1/(AI69:AV69<>""),AI69:AV69)-MIN(AI69:AV69)) | AF69: IF(OR(AD69="",AC69="Not started",AC69=""),"",IFERROR(AD69-IF(VLOOKUP(AC69,'06_Status_Pipeline'!$B$3:$E$20,4,FALSE)="",0,VLOOKUP(AC69,'06_Status_Pipeline'!$B$3:$E$20,4,FALSE)),"")) | AG69: IF(F69="","",IF(OR(AA69="Cancelled",AC69="Cancelled"),"Cancelled",IF(OR(AC69="Completed / Handover",Y69<>"",Z69>=100),"Completed — on track",IF(O69="Not awarded",IF(U69="",IF(X69="","No planned date",IF(TODAY()>X69,"Behind — past planned date",IF(X69-TODAY()<=30,"At risk — close to off track","On track"))),IF(TODAY()>U69,"Behind — award date passed",IF(U69-TODAY()<=30,"At risk — close to off track","On track"))),IF(X69="","No planned date",IF(AND(TODAY()>X69,OR(Z69="",Z69<100)),"Behind — past end date",IF(AND(T69<>"",X69<>"",Z69<>"",(Z69<100),((TODAY()-T69)/MAX(X69-T69,1)*100)-Z69>15),"Behind — progress lag",IF(AND(X69-TODAY()<=30,X69-TODAY()>=0,OR(Z69="",Z69<90)),"At risk — close to off track","On track")))))))) | AH69: IF(OR(F69="",AC69="Completed / Handover",AC69="Cancelled"),"",IF(O69="Not awarded",IF(U69<>"",U69-TODAY(),IF(X69="","",X69-TODAY())),IF(X69="","",X69-TODAY()))) | AW69: IF(OR(F69="",AJ69=""),"",IF(COUNT(AI69:AI69)=0,"",AJ69-LOOKUP(2,1/(AI69:AI69<>""),AI69:AI69))) | AX69: IF(OR(F69="",AK69=""),"",IF(COUNT(AI69:AJ69)=0,"",AK69-LOOKUP(2,1/(AI69:AJ69<>""),AI69:AJ69))) | AY69: IF(OR(F69="",AL69=""),"",IF(COUNT(AI69:AK69)=0,"",AL69-LOOKUP(2,1/(AI69:AK69<>""),AI69:AK69))) | AZ69: IF(OR(F69="",AM69=""),"",IF(COUNT(AI69:AL69)=0,"",AM69-LOOKUP(2,1/(AI69:AL69<>""),AI69:AL69))) | BA69: IF(OR(F69="",AN69=""),"",IF(COUNT(AI69:AM69)=0,"",AN69-LOOKUP(2,1/(AI69:AM69<>""),AI69:AM69))) | BB69: IF(OR(F69="",AO69=""),"",IF(COUNT(AI69:AN69)=0,"",AO69-LOOKUP(2,1/(AI69:AN69<>""),AI69:AN69))) | BC69: IF(OR(F69="",AP69=""),"",IF(COUNT(AI69:AO69)=0,"",AP69-LOOKUP(2,1/(AI69:AO69<>""),AI69:AO69))) | BD69: IF(OR(F69="",AQ69=""),"",IF(COUNT(AI69:AP69)=0,"",AQ69-LOOKUP(2,1/(AI69:AP69<>""),AI69:AP69))) | BE69: IF(OR(F69="",AR69=""),"",IF(COUNT(AI69:AQ69)=0,"",AR69-LOOKUP(2,1/(AI69:AQ69<>""),AI69:AQ69))) | BF69: IF(OR(F69="",AS69=""),"",IF(COUNT(AI69:AR69)=0,"",AS69-LOOKUP(2,1/(AI69:AR69<>""),AI69:AR69))) | BG69: IF(OR(F69="",AT69=""),"",IF(COUNT(AI69:AS69)=0,"",AT69-LOOKUP(2,1/(AI69:AS69<>""),AI69:AS69))) | BH69: IF(OR(F69="",AU69=""),"",IF(COUNT(AI69:AT69)=0,"",AU69-LOOKUP(2,1/(AI69:AT69<>""),AI69:AT69))) | BI69: IF(OR(F69="",AV69=""),"",IF(COUNT(AI69:AU69)=0,"",AV69-LOOKUP(2,1/(AI69:AU69<>""),AI69:AU69))) | BJ69: IF(J69="","All_Provinces",IFERROR(VLOOKUP(J69,'09_Lookups'!$A$4:$B$20,2,FALSE),"All_Provinces")) | BK69: IF(K69="","All_Districts",IFERROR(VLOOKUP(K69,'09_Lookups'!$E$4:$F$42,2,FALSE),"All_Districts"))
A70: IF(F70="","",ROW()-3) | B70: AF2-DIS-03 | C70: Package #3-WBK/AF2 DIS: Demonstration of 14 Drip irrigation schemes at 13 district sites of 1. Parwan, 2. Kabul, 3. Wardak and 4. Kapisa provinces. | D70: 2 of 14 | E70: AF2-DIS-N-028 | F70: Arghande Bala Drip irrigation schemes | G70: Drip Irrigation | H70: Drip Irrigation Plot | I70: Emergency Food Security Project (EFSP) – WBK/AF-2 | J70: Central / Kabul | K70: Kabul | L70: Paghman | M70: Arghande bala | N70: World Bank (WBK/AF-2) | O70: Not awarded | P70: 5. Drip Irrigation systems | Q70: Mohammad Yousaf | S70: 8500 | T70: IF(AQ70="","",AQ70) | U70: 46376 | V70: 6.3 | W70: 46568 | X70: IF(W70<>"",W70,IF(OR(T70="",V70=""),"",EDATE(T70,V70))) | AA70: Retendered (Re-ITB) | AB70: Slack period from mid December to March 2026. Four months construction period.''- | Farmer: Mohammad Yousaf | AC70: IF(F70="","",IF(COUNT(AI70:AV70)=0,IF(AA70="","Not started",AA70),SUBSTITUTE(LOOKUP(2,1/(AI70:AV70<>""),$AI$3:$AV$3),"Date: ",""))) | AD70: IF(OR(F70="",COUNT(AI70:AV70)=0),"",TODAY()-LOOKUP(2,1/(AI70:AV70<>""),AI70:AV70)) | AE70: IF(OR(F70="",COUNT(AI70:AV70)<2),"",LOOKUP(2,1/(AI70:AV70<>""),AI70:AV70)-MIN(AI70:AV70)) | AF70: IF(OR(AD70="",AC70="Not started",AC70=""),"",IFERROR(AD70-IF(VLOOKUP(AC70,'06_Status_Pipeline'!$B$3:$E$20,4,FALSE)="",0,VLOOKUP(AC70,'06_Status_Pipeline'!$B$3:$E$20,4,FALSE)),"")) | AG70: IF(F70="","",IF(OR(AA70="Cancelled",AC70="Cancelled"),"Cancelled",IF(OR(AC70="Completed / Handover",Y70<>"",Z70>=100),"Completed — on track",IF(O70="Not awarded",IF(U70="",IF(X70="","No planned date",IF(TODAY()>X70,"Behind — past planned date",IF(X70-TODAY()<=30,"At risk — close to off track","On track"))),IF(TODAY()>U70,"Behind — award date passed",IF(U70-TODAY()<=30,"At risk — close to off track","On track"))),IF(X70="","No planned date",IF(AND(TODAY()>X70,OR(Z70="",Z70<100)),"Behind — past end date",IF(AND(T70<>"",X70<>"",Z70<>"",(Z70<100),((TODAY()-T70)/MAX(X70-T70,1)*100)-Z70>15),"Behind — progress lag",IF(AND(X70-TODAY()<=30,X70-TODAY()>=0,OR(Z70="",Z70<90)),"At risk — close to off track","On track")))))))) | AH70: IF(OR(F70="",AC70="Completed / Handover",AC70="Cancelled"),"",IF(O70="Not awarded",IF(U70<>"",U70-TODAY(),IF(X70="","",X70-TODAY())),IF(X70="","",X70-TODAY()))) | AW70: IF(OR(F70="",AJ70=""),"",IF(COUNT(AI70:AI70)=0,"",AJ70-LOOKUP(2,1/(AI70:AI70<>""),AI70:AI70))) | AX70: IF(OR(F70="",AK70=""),"",IF(COUNT(AI70:AJ70)=0,"",AK70-LOOKUP(2,1/(AI70:AJ70<>""),AI70:AJ70))) | AY70: IF(OR(F70="",AL70=""),"",IF(COUNT(AI70:AK70)=0,"",AL70-LOOKUP(2,1/(AI70:AK70<>""),AI70:AK70))) | AZ70: IF(OR(F70="",AM70=""),"",IF(COUNT(AI70:AL70)=0,"",AM70-LOOKUP(2,1/(AI70:AL70<>""),AI70:AL70))) | BA70: IF(OR(F70="",AN70=""),"",IF(COUNT(AI70:AM70)=0,"",AN70-LOOKUP(2,1/(AI70:AM70<>""),AI70:AM70))) | BB70: IF(OR(F70="",AO70=""),"",IF(COUNT(AI70:AN70)=0,"",AO70-LOOKUP(2,1/(AI70:AN70<>""),AI70:AN70))) | BC70: IF(OR(F70="",AP70=""),"",IF(COUNT(AI70:AO70)=0,"",AP70-LOOKUP(2,1/(AI70:AO70<>""),AI70:AO70))) | BD70: IF(OR(F70="",AQ70=""),"",IF(COUNT(AI70:AP70)=0,"",AQ70-LOOKUP(2,1/(AI70:AP70<>""),AI70:AP70))) | BE70: IF(OR(F70="",AR70=""),"",IF(COUNT(AI70:AQ70)=0,"",AR70-LOOKUP(2,1/(AI70:AQ70<>""),AI70:AQ70))) | BF70: IF(OR(F70="",AS70=""),"",IF(COUNT(AI70:AR70)=0,"",AS70-LOOKUP(2,1/(AI70:AR70<>""),AI70:AR70))) | BG70: IF(OR(F70="",AT70=""),"",IF(COUNT(AI70:AS70)=0,"",AT70-LOOKUP(2,1/(AI70:AS70<>""),AI70:AS70))) | BH70: IF(OR(F70="",AU70=""),"",IF(COUNT(AI70:AT70)=0,"",AU70-LOOKUP(2,1/(AI70:AT70<>""),AI70:AT70))) | BI70: IF(OR(F70="",AV70=""),"",IF(COUNT(AI70:AU70)=0,"",AV70-LOOKUP(2,1/(AI70:AU70<>""),AI70:AU70))) | BJ70: IF(J70="","All_Provinces",IFERROR(VLOOKUP(J70,'09_Lookups'!$A$4:$B$20,2,FALSE),"All_Provinces")) | BK70: IF(K70="","All_Districts",IFERROR(VLOOKUP(K70,'09_Lookups'!$E$4:$F$42,2,FALSE),"All_Districts"))
A71: IF(F71="","",ROW()-3) | B71: AF2-DIS-03 | C71: Package #3-WBK/AF2 DIS: Demonstration of 14 Drip irrigation schemes at 13 district sites of 1. Parwan, 2. Kabul, 3. Wardak and 4. Kapisa provinces. | D71: 3 of 14 | E71: AF2-DIS-N-029 | F71: Dahan Rabat Drip irrigation schemes | G71: Drip Irrigation | H71: Drip Irrigation Plot | I71: Emergency Food Security Project (EFSP) – WBK/AF-2 | J71: Central / Kabul | K71: Parwan | L71: Shikh Ali | M71: Dahan Rabat | N71: World Bank (WBK/AF-2) | O71: Not awarded | P71: 5. Drip Irrigation systems | Q71: Abdullah | S71: 4250 | T71: IF(AQ71="","",AQ71) | U71: 46371 | V71: 6.4 | W71: 46566 | X71: IF(W71<>"",W71,IF(OR(T71="",V71=""),"",EDATE(T71,V71))) | AA71: Retendered (Re-ITB) | AB71: Slack period from mid December to March 2026. Four months construction period.'- | Farmer: Abdullah | AC71: IF(F71="","",IF(COUNT(AI71:AV71)=0,IF(AA71="","Not started",AA71),SUBSTITUTE(LOOKUP(2,1/(AI71:AV71<>""),$AI$3:$AV$3),"Date: ",""))) | AD71: IF(OR(F71="",COUNT(AI71:AV71)=0),"",TODAY()-LOOKUP(2,1/(AI71:AV71<>""),AI71:AV71)) | AE71: IF(OR(F71="",COUNT(AI71:AV71)<2),"",LOOKUP(2,1/(AI71:AV71<>""),AI71:AV71)-MIN(AI71:AV71)) | AF71: IF(OR(AD71="",AC71="Not started",AC71=""),"",IFERROR(AD71-IF(VLOOKUP(AC71,'06_Status_Pipeline'!$B$3:$E$20,4,FALSE)="",0,VLOOKUP(AC71,'06_Status_Pipeline'!$B$3:$E$20,4,FALSE)),"")) | AG71: IF(F71="","",IF(OR(AA71="Cancelled",AC71="Cancelled"),"Cancelled",IF(OR(AC71="Completed / Handover",Y71<>"",Z71>=100),"Completed — on track",IF(O71="Not awarded",IF(U71="",IF(X71="","No planned date",IF(TODAY()>X71,"Behind — past planned date",IF(X71-TODAY()<=30,"At risk — close to off track","On track"))),IF(TODAY()>U71,"Behind — award date passed",IF(U71-TODAY()<=30,"At risk — close to off track","On track"))),IF(X71="","No planned date",IF(AND(TODAY()>X71,OR(Z71="",Z71<100)),"Behind — past end date",IF(AND(T71<>"",X71<>"",Z71<>"",(Z71<100),((TODAY()-T71)/MAX(X71-T71,1)*100)-Z71>15),"Behind — progress lag",IF(AND(X71-TODAY()<=30,X71-TODAY()>=0,OR(Z71="",Z71<90)),"At risk — close to off track","On track")))))))) | AH71: IF(OR(F71="",AC71="Completed / Handover",AC71="Cancelled"),"",IF(O71="Not awarded",IF(U71<>"",U71-TODAY(),IF(X71="","",X71-TODAY())),IF(X71="","",X71-TODAY()))) | AW71: IF(OR(F71="",AJ71=""),"",IF(COUNT(AI71:AI71)=0,"",AJ71-LOOKUP(2,1/(AI71:AI71<>""),AI71:AI71))) | AX71: IF(OR(F71="",AK71=""),"",IF(COUNT(AI71:AJ71)=0,"",AK71-LOOKUP(2,1/(AI71:AJ71<>""),AI71:AJ71))) | AY71: IF(OR(F71="",AL71=""),"",IF(COUNT(AI71:AK71)=0,"",AL71-LOOKUP(2,1/(AI71:AK71<>""),AI71:AK71))) | AZ71: IF(OR(F71="",AM71=""),"",IF(COUNT(AI71:AL71)=0,"",AM71-LOOKUP(2,1/(AI71:AL71<>""),AI71:AL71))) | BA71: IF(OR(F71="",AN71=""),"",IF(COUNT(AI71:AM71)=0,"",AN71-LOOKUP(2,1/(AI71:AM71<>""),AI71:AM71))) | BB71: IF(OR(F71="",AO71=""),"",IF(COUNT(AI71:AN71)=0,"",AO71-LOOKUP(2,1/(AI71:AN71<>""),AI71:AN71))) | BC71: IF(OR(F71="",AP71=""),"",IF(COUNT(AI71:AO71)=0,"",AP71-LOOKUP(2,1/(AI71:AO71<>""),AI71:AO71))) | BD71: IF(OR(F71="",AQ71=""),"",IF(COUNT(AI71:AP71)=0,"",AQ71-LOOKUP(2,1/(AI71:AP71<>""),AI71:AP71))) | BE71: IF(OR(F71="",AR71=""),"",IF(COUNT(AI71:AQ71)=0,"",AR71-LOOKUP(2,1/(AI71:AQ71<>""),AI71:AQ71))) | BF71: IF(OR(F71="",AS71=""),"",IF(COUNT(AI71:AR71)=0,"",AS71-LOOKUP(2,1/(AI71:AR71<>""),AI71:AR71))) | BG71: IF(OR(F71="",AT71=""),"",IF(COUNT(AI71:AS71)=0,"",AT71-LOOKUP(2,1/(AI71:AS71<>""),AI71:AS71))) | BH71: IF(OR(F71="",AU71=""),"",IF(COUNT(AI71:AT71)=0,"",AU71-LOOKUP(2,1/(AI71:AT71<>""),AI71:AT71))) | BI71: IF(OR(F71="",AV71=""),"",IF(COUNT(AI71:AU71)=0,"",AV71-LOOKUP(2,1/(AI71:AU71<>""),AI71:AU71))) | BJ71: IF(J71="","All_Provinces",IFERROR(VLOOKUP(J71,'09_Lookups'!$A$4:$B$20,2,FALSE),"All_Provinces")) | BK71: IF(K71="","All_Districts",IFERROR(VLOOKUP(K71,'09_Lookups'!$E$4:$F$42,2,FALSE),"All_Districts"))
A72: IF(F72="","",ROW()-3) | B72: AF2-DIS-03 | C72: Package #3-WBK/AF2 DIS: Demonstration of 14 Drip irrigation schemes at 13 district sites of 1. Parwan, 2. Kabul, 3. Wardak and 4. Kapisa provinces. | D72: 4 of 14 | E72: AF2-DIS-N-030 | F72: Dasht-e- Top Drip irrigation schemes | G72: Drip Irrigation | H72: Drip Irrigation Plot | I72: Emergency Food Security Project (EFSP) – WBK/AF-2 | J72: Central / Kabul | K72: Wardak | L72: Saydabad | M72: Wardak university | N72: World Bank (WBK/AF-2) | O72: Not awarded | P72: 5. Drip Irrigation systems | Q72: Wardak University | S72: 4250 | T72: IF(AQ72="","",AQ72) | U72: 46381 | V72: 6.3 | W72: 46573 | X72: IF(W72<>"",W72,IF(OR(T72="",V72=""),"",EDATE(T72,V72))) | AA72: Retendered (Re-ITB) | AB72: Slack period from mid December to March 2026. Four months construction period.''- | Farmer: Wardak University | AC72: IF(F72="","",IF(COUNT(AI72:AV72)=0,IF(AA72="","Not started",AA72),SUBSTITUTE(LOOKUP(2,1/(AI72:AV72<>""),$AI$3:$AV$3),"Date: ",""))) | AD72: IF(OR(F72="",COUNT(AI72:AV72)=0),"",TODAY()-LOOKUP(2,1/(AI72:AV72<>""),AI72:AV72)) | AE72: IF(OR(F72="",COUNT(AI72:AV72)<2),"",LOOKUP(2,1/(AI72:AV72<>""),AI72:AV72)-MIN(AI72:AV72)) | AF72: IF(OR(AD72="",AC72="Not started",AC72=""),"",IFERROR(AD72-IF(VLOOKUP(AC72,'06_Status_Pipeline'!$B$3:$E$20,4,FALSE)="",0,VLOOKUP(AC72,'06_Status_Pipeline'!$B$3:$E$20,4,FALSE)),"")) | AG72: IF(F72="","",IF(OR(AA72="Cancelled",AC72="Cancelled"),"Cancelled",IF(OR(AC72="Completed / Handover",Y72<>"",Z72>=100),"Completed — on track",IF(O72="Not awarded",IF(U72="",IF(X72="","No planned date",IF(TODAY()>X72,"Behind — past planned date",IF(X72-TODAY()<=30,"At risk — close to off track","On track"))),IF(TODAY()>U72,"Behind — award date passed",IF(U72-TODAY()<=30,"At risk — close to off track","On track"))),IF(X72="","No planned date",IF(AND(TODAY()>X72,OR(Z72="",Z72<100)),"Behind — past end date",IF(AND(T72<>"",X72<>"",Z72<>"",(Z72<100),((TODAY()-T72)/MAX(X72-T72,1)*100)-Z72>15),"Behind — progress lag",IF(AND(X72-TODAY()<=30,X72-TODAY()>=0,OR(Z72="",Z72<90)),"At risk — close to off track","On track")))))))) | AH72: IF(OR(F72="",AC72="Completed / Handover",AC72="Cancelled"),"",IF(O72="Not awarded",IF(U72<>"",U72-TODAY(),IF(X72="","",X72-TODAY())),IF(X72="","",X72-TODAY()))) | AW72: IF(OR(F72="",AJ72=""),"",IF(COUNT(AI72:AI72)=0,"",AJ72-LOOKUP(2,1/(AI72:AI72<>""),AI72:AI72))) | AX72: IF(OR(F72="",AK72=""),"",IF(COUNT(AI72:AJ72)=0,"",AK72-LOOKUP(2,1/(AI72:AJ72<>""),AI72:AJ72))) | AY72: IF(OR(F72="",AL72=""),"",IF(COUNT(AI72:AK72)=0,"",AL72-LOOKUP(2,1/(AI72:AK72<>""),AI72:AK72))) | AZ72: IF(OR(F72="",AM72=""),"",IF(COUNT(AI72:AL72)=0,"",AM72-LOOKUP(2,1/(AI72:AL72<>""),AI72:AL72))) | BA72: IF(OR(F72="",AN72=""),"",IF(COUNT(AI72:AM72)=0,"",AN72-LOOKUP(2,1/(AI72:AM72<>""),AI72:AM72))) | BB72: IF(OR(F72="",AO72=""),"",IF(COUNT(AI72:AN72)=0,"",AO72-LOOKUP(2,1/(AI72:AN72<>""),AI72:AN72))) | BC72: IF(OR(F72="",AP72=""),"",IF(COUNT(AI72:AO72)=0,"",AP72-LOOKUP(2,1/(AI72:AO72<>""),AI72:AO72))) | BD72: IF(OR(F72="",AQ72=""),"",IF(COUNT(AI72:AP72)=0,"",AQ72-LOOKUP(2,1/(AI72:AP72<>""),AI72:AP72))) | BE72: IF(OR(F72="",AR72=""),"",IF(COUNT(AI72:AQ72)=0,"",AR72-LOOKUP(2,1/(AI72:AQ72<>""),AI72:AQ72))) | BF72: IF(OR(F72="",AS72=""),"",IF(COUNT(AI72:AR72)=0,"",AS72-LOOKUP(2,1/(AI72:AR72<>""),AI72:AR72))) | BG72: IF(OR(F72="",AT72=""),"",IF(COUNT(AI72:AS72)=0,"",AT72-LOOKUP(2,1/(AI72:AS72<>""),AI72:AS72))) | BH72: IF(OR(F72="",AU72=""),"",IF(COUNT(AI72:AT72)=0,"",AU72-LOOKUP(2,1/(AI72:AT72<>""),AI72:AT72))) | BI72: IF(OR(F72="",AV72=""),"",IF(COUNT(AI72:AU72)=0,"",AV72-LOOKUP(2,1/(AI72:AU72<>""),AI72:AU72))) | BJ72: IF(J72="","All_Provinces",IFERROR(VLOOKUP(J72,'09_Lookups'!$A$4:$B$20,2,FALSE),"All_Provinces")) | BK72: IF(K72="","All_Districts",IFERROR(VLOOKUP(K72,'09_Lookups'!$E$4:$F$42,2,FALSE),"All_Districts"))
A73: IF(F73="","",ROW()-3) | B73: AF2-DIS-03 | C73: Package #3-WBK/AF2 DIS: Demonstration of 14 Drip irrigation schemes at 13 district sites of 1. Parwan, 2. Kabul, 3. Wardak and 4. Kapisa provinces. | D73: 5 of 14 | E73: AF2-DIS-N-031 | F73: Durani Drip irrigation schemes | G73: Drip Irrigation | H73: Drip Irrigation Plot | I73: Emergency Food Security Project (EFSP) – WBK/AF-2 | J73: Central / Kabul | K73: Wardak | L73: Nirkh | M73: Durani | N73: World Bank (WBK/AF-2) | O73: Not awarded | P73: 5. Drip Irrigation systems | Q73: Fazel Rahman | S73: 8500 | T73: IF(AQ73="","",AQ73) | U73: 46381 | V73: 6.3 | W73: 46573 | X73: IF(W73<>"",W73,IF(OR(T73="",V73=""),"",EDATE(T73,V73))) | AA73: Retendered (Re-ITB) | AB73: Slack period from mid December to March 2026. Four months construction period.''- | Farmer: Fazel Rahman | AC73: IF(F73="","",IF(COUNT(AI73:AV73)=0,IF(AA73="","Not started",AA73),SUBSTITUTE(LOOKUP(2,1/(AI73:AV73<>""),$AI$3:$AV$3),"Date: ",""))) | AD73: IF(OR(F73="",COUNT(AI73:AV73)=0),"",TODAY()-LOOKUP(2,1/(AI73:AV73<>""),AI73:AV73)) | AE73: IF(OR(F73="",COUNT(AI73:AV73)<2),"",LOOKUP(2,1/(AI73:AV73<>""),AI73:AV73)-MIN(AI73:AV73)) | AF73: IF(OR(AD73="",AC73="Not started",AC73=""),"",IFERROR(AD73-IF(VLOOKUP(AC73,'06_Status_Pipeline'!$B$3:$E$20,4,FALSE)="",0,VLOOKUP(AC73,'06_Status_Pipeline'!$B$3:$E$20,4,FALSE)),"")) | AG73: IF(F73="","",IF(OR(AA73="Cancelled",AC73="Cancelled"),"Cancelled",IF(OR(AC73="Completed / Handover",Y73<>"",Z73>=100),"Completed — on track",IF(O73="Not awarded",IF(U73="",IF(X73="","No planned date",IF(TODAY()>X73,"Behind — past planned date",IF(X73-TODAY()<=30,"At risk — close to off track","On track"))),IF(TODAY()>U73,"Behind — award date passed",IF(U73-TODAY()<=30,"At risk — close to off track","On track"))),IF(X73="","No planned date",IF(AND(TODAY()>X73,OR(Z73="",Z73<100)),"Behind — past end date",IF(AND(T73<>"",X73<>"",Z73<>"",(Z73<100),((TODAY()-T73)/MAX(X73-T73,1)*100)-Z73>15),"Behind — progress lag",IF(AND(X73-TODAY()<=30,X73-TODAY()>=0,OR(Z73="",Z73<90)),"At risk — close to off track","On track")))))))) | AH73: IF(OR(F73="",AC73="Completed / Handover",AC73="Cancelled"),"",IF(O73="Not awarded",IF(U73<>"",U73-TODAY(),IF(X73="","",X73-TODAY())),IF(X73="","",X73-TODAY()))) | AW73: IF(OR(F73="",AJ73=""),"",IF(COUNT(AI73:AI73)=0,"",AJ73-LOOKUP(2,1/(AI73:AI73<>""),AI73:AI73))) | AX73: IF(OR(F73="",AK73=""),"",IF(COUNT(AI73:AJ73)=0,"",AK73-LOOKUP(2,1/(AI73:AJ73<>""),AI73:AJ73))) | AY73: IF(OR(F73="",AL73=""),"",IF(COUNT(AI73:AK73)=0,"",AL73-LOOKUP(2,1/(AI73:AK73<>""),AI73:AK73))) | AZ73: IF(OR(F73="",AM73=""),"",IF(COUNT(AI73:AL73)=0,"",AM73-LOOKUP(2,1/(AI73:AL73<>""),AI73:AL73))) | BA73: IF(OR(F73="",AN73=""),"",IF(COUNT(AI73:AM73)=0,"",AN73-LOOKUP(2,1/(AI73:AM73<>""),AI73:AM73))) | BB73: IF(OR(F73="",AO73=""),"",IF(COUNT(AI73:AN73)=0,"",AO73-LOOKUP(2,1/(AI73:AN73<>""),AI73:AN73))) | BC73: IF(OR(F73="",AP73=""),"",IF(COUNT(AI73:AO73)=0,"",AP73-LOOKUP(2,1/(AI73:AO73<>""),AI73:AO73))) | BD73: IF(OR(F73="",AQ73=""),"",IF(COUNT(AI73:AP73)=0,"",AQ73-LOOKUP(2,1/(AI73:AP73<>""),AI73:AP73))) | BE73: IF(OR(F73="",AR73=""),"",IF(COUNT(AI73:AQ73)=0,"",AR73-LOOKUP(2,1/(AI73:AQ73<>""),AI73:AQ73))) | BF73: IF(OR(F73="",AS73=""),"",IF(COUNT(AI73:AR73)=0,"",AS73-LOOKUP(2,1/(AI73:AR73<>""),AI73:AR73))) | BG73: IF(OR(F73="",AT73=""),"",IF(COUNT(AI73:AS73)=0,"",AT73-LOOKUP(2,1/(AI73:AS73<>""),AI73:AS73))) | BH73: IF(OR(F73="",AU73=""),"",IF(COUNT(AI73:AT73)=0,"",AU73-LOOKUP(2,1/(AI73:AT73<>""),AI73:AT73))) | BI73: IF(OR(F73="",AV73=""),"",IF(COUNT(AI73:AU73)=0,"",AV73-LOOKUP(2,1/(AI73:AU73<>""),AI73:AU73))) | BJ73: IF(J73="","All_Provinces",IFERROR(VLOOKUP(J73,'09_Lookups'!$A$4:$B$20,2,FALSE),"All_Provinces")) | BK73: IF(K73="","All_Districts",IFERROR(VLOOKUP(K73,'09_Lookups'!$E$4:$F$42,2,FALSE),"All_Districts"))
A74: IF(F74="","",ROW()-3) | B74: AF2-DIS-03 | C74: Package #3-WBK/AF2 DIS: Demonstration of 14 Drip irrigation schemes at 13 district sites of 1. Parwan, 2. Kabul, 3. Wardak and 4. Kapisa provinces. | D74: 6 of 14 | E74: AF2-DIS-N-032 | F74: Goga Manda Drip irrigation schemes | G74: Drip Irrigation | H74: Drip Irrigation Plot | I74: Emergency Food Security Project (EFSP) – WBK/AF-2 | J74: Central / Kabul | K74: Kabul | L74: Sarobi | M74: Goga manda | N74: World Bank (WBK/AF-2) | O74: Not awarded | P74: 5. Drip Irrigation systems | Q74: Hayatullah | S74: 4250 | T74: IF(AQ74="","",AQ74) | U74: 46376 | V74: 6.3 | W74: 46568 | X74: IF(W74<>"",W74,IF(OR(T74="",V74=""),"",EDATE(T74,V74))) | AA74: Retendered (Re-ITB) | AB74: Slack period from mid December to March 2026. Four months construction period.''- | Farmer: Hayatullah | AC74: IF(F74="","",IF(COUNT(AI74:AV74)=0,IF(AA74="","Not started",AA74),SUBSTITUTE(LOOKUP(2,1/(AI74:AV74<>""),$AI$3:$AV$3),"Date: ",""))) | AD74: IF(OR(F74="",COUNT(AI74:AV74)=0),"",TODAY()-LOOKUP(2,1/(AI74:AV74<>""),AI74:AV74)) | AE74: IF(OR(F74="",COUNT(AI74:AV74)<2),"",LOOKUP(2,1/(AI74:AV74<>""),AI74:AV74)-MIN(AI74:AV74)) | AF74: IF(OR(AD74="",AC74="Not started",AC74=""),"",IFERROR(AD74-IF(VLOOKUP(AC74,'06_Status_Pipeline'!$B$3:$E$20,4,FALSE)="",0,VLOOKUP(AC74,'06_Status_Pipeline'!$B$3:$E$20,4,FALSE)),"")) | AG74: IF(F74="","",IF(OR(AA74="Cancelled",AC74="Cancelled"),"Cancelled",IF(OR(AC74="Completed / Handover",Y74<>"",Z74>=100),"Completed — on track",IF(O74="Not awarded",IF(U74="",IF(X74="","No planned date",IF(TODAY()>X74,"Behind — past planned date",IF(X74-TODAY()<=30,"At risk — close to off track","On track"))),IF(TODAY()>U74,"Behind — award date passed",IF(U74-TODAY()<=30,"At risk — close to off track","On track"))),IF(X74="","No planned date",IF(AND(TODAY()>X74,OR(Z74="",Z74<100)),"Behind — past end date",IF(AND(T74<>"",X74<>"",Z74<>"",(Z74<100),((TODAY()-T74)/MAX(X74-T74,1)*100)-Z74>15),"Behind — progress lag",IF(AND(X74-TODAY()<=30,X74-TODAY()>=0,OR(Z74="",Z74<90)),"At risk — close to off track","On track")))))))) | AH74: IF(OR(F74="",AC74="Completed / Handover",AC74="Cancelled"),"",IF(O74="Not awarded",IF(U74<>"",U74-TODAY(),IF(X74="","",X74-TODAY())),IF(X74="","",X74-TODAY()))) | AW74: IF(OR(F74="",AJ74=""),"",IF(COUNT(AI74:AI74)=0,"",AJ74-LOOKUP(2,1/(AI74:AI74<>""),AI74:AI74))) | AX74: IF(OR(F74="",AK74=""),"",IF(COUNT(AI74:AJ74)=0,"",AK74-LOOKUP(2,1/(AI74:AJ74<>""),AI74:AJ74))) | AY74: IF(OR(F74="",AL74=""),"",IF(COUNT(AI74:AK74)=0,"",AL74-LOOKUP(2,1/(AI74:AK74<>""),AI74:AK74))) | AZ74: IF(OR(F74="",AM74=""),"",IF(COUNT(AI74:AL74)=0,"",AM74-LOOKUP(2,1/(AI74:AL74<>""),AI74:AL74))) | BA74: IF(OR(F74="",AN74=""),"",IF(COUNT(AI74:AM74)=0,"",AN74-LOOKUP(2,1/(AI74:AM74<>""),AI74:AM74))) | BB74: IF(OR(F74="",AO74=""),"",IF(COUNT(AI74:AN74)=0,"",AO74-LOOKUP(2,1/(AI74:AN74<>""),AI74:AN74))) | BC74: IF(OR(F74="",AP74=""),"",IF(COUNT(AI74:AO74)=0,"",AP74-LOOKUP(2,1/(AI74:AO74<>""),AI74:AO74))) | BD74: IF(OR(F74="",AQ74=""),"",IF(COUNT(AI74:AP74)=0,"",AQ74-LOOKUP(2,1/(AI74:AP74<>""),AI74:AP74))) | BE74: IF(OR(F74="",AR74=""),"",IF(COUNT(AI74:AQ74)=0,"",AR74-LOOKUP(2,1/(AI74:AQ74<>""),AI74:AQ74))) | BF74: IF(OR(F74="",AS74=""),"",IF(COUNT(AI74:AR74)=0,"",AS74-LOOKUP(2,1/(AI74:AR74<>""),AI74:AR74))) | BG74: IF(OR(F74="",AT74=""),"",IF(COUNT(AI74:AS74)=0,"",AT74-LOOKUP(2,1/(AI74:AS74<>""),AI74:AS74))) | BH74: IF(OR(F74="",AU74=""),"",IF(COUNT(AI74:AT74)=0,"",AU74-LOOKUP(2,1/(AI74:AT74<>""),AI74:AT74))) | BI74: IF(OR(F74="",AV74=""),"",IF(COUNT(AI74:AU74)=0,"",AV74-LOOKUP(2,1/(AI74:AU74<>""),AI74:AU74))) | BJ74: IF(J74="","All_Provinces",IFERROR(VLOOKUP(J74,'09_Lookups'!$A$4:$B$20,2,FALSE),"All_Provinces")) | BK74: IF(K74="","All_Districts",IFERROR(VLOOKUP(K74,'09_Lookups'!$E$4:$F$42,2,FALSE),"All_Districts"))
... A85: IF(F85="","",ROW()-3) | B85: AF2-DIS-04 | C85: Package #4-WBK/AF2 DIS: Demonstration of 12 Drip irrigation schemes at 4 district sites of 1. Miramor, 2. Shahristan, 3.Nilli, and 4.Sayghan in Daykundi and Bamyan provinces | D85: 3 of 12 | E85: AF2-DIS-N-043 | F85: Ghaf Drip Irrigation | G85: Drip Irrigation | H85: Drip Irrigation Plot | I85: Emergency Food Security Project (EFSP) – WBK/AF-2 | J85: Central Highland / Bamyan | K85: Daykundi | L85: Shahristan | M85: Ghaf | N85: World Bank (WBK/AF-2) | O85: Not awarded | P85: 5. Drip Irrigation systems | Q85: Mohammad Ibrahim | S85: 5880.43 | T85: IF(AQ85="","",AQ85) | U85: 46376 | V85: 6.2 | W85: 46566 | X85: IF(W85<>"",W85,IF(OR(T85="",V85=""),"",EDATE(T85,V85))) | AA85: Retendered (Re-ITB) | AB85: Slack period up to end March. Four months construction period starting from April 2026. | Farmer: Mohammad Ibrahim | AC85: IF(F85="","",IF(COUNT(AI85:AV85)=0,IF(AA85="","Not started",AA85),SUBSTITUTE(LOOKUP(2,1/(AI85:AV85<>""),$AI$3:$AV$3),"Date: ",""))) | AD85: IF(OR(F85="",COUNT(AI85:AV85)=0),"",TODAY()-LOOKUP(2,1/(AI85:AV85<>""),AI85:AV85)) | AE85: IF(OR(F85="",COUNT(AI85:AV85)<2),"",LOOKUP(2,1/(AI85:AV85<>""),AI85:AV85)-MIN(AI85:AV85)) | AF85: IF(OR(AD85="",AC85="Not started",AC85=""),"",IFERROR(AD85-IF(VLOOKUP(AC85,'06_Status_Pipeline'!$B$3:$E$20,4,FALSE)="",0,VLOOKUP(AC85,'06_Status_Pipeline'!$B$3:$E$20,4,FALSE)),"")) | AG85: IF(F85="","",IF(OR(AA85="Cancelled",AC85="Cancelled"),"Cancelled",IF(OR(AC85="Completed / Handover",Y85<>"",Z85>=100),"Completed — on track",IF(O85="Not awarded",IF(U85="",IF(X85="","No planned date",IF(TODAY()>X85,"Behind — past planned date",IF(X85-TODAY()<=30,"At risk — close to off track","On track"))),IF(TODAY()>U85,"Behind — award date passed",IF(U85-TODAY()<=30,"At risk — close to off track","On track"))),IF(X85="","No planned date",IF(AND(TODAY()>X85,OR(Z85="",Z85<100)),"Behind — past end date",IF(AND(T85<>"",X85<>"",Z85<>"",(Z85<100),((TODAY()-T85)/MAX(X85-T85,1)*100)-Z85>15),"Behind — progress lag",IF(AND(X85-TODAY()<=30,X85-TODAY()>=0,OR(Z85="",Z85<90)),"At risk — close to off track","On track")))))))) | AH85: IF(OR(F85="",AC85="Completed / Handover",AC85="Cancelled"),"",IF(O85="Not awarded",IF(U85<>"",U85-TODAY(),IF(X85="","",X85-TODAY())),IF(X85="","",X85-TODAY()))) | AW85: IF(OR(F85="",AJ85=""),"",IF(COUNT(AI85:AI85)=0,"",AJ85-LOOKUP(2,1/(AI85:AI85<>""),AI85:AI85))) | AX85: IF(OR(F85="",AK85=""),"",IF(COUNT(AI85:AJ85)=0,"",AK85-LOOKUP(2,1/(AI85:AJ85<>""),AI85:AJ85))) | AY85: IF(OR(F85="",AL85=""),"",IF(COUNT(AI85:AK85)=0,"",AL85-LOOKUP(2,1/(AI85:AK85<>""),AI85:AK85))) | AZ85: IF(OR(F85="",AM85=""),"",IF(COUNT(AI85:AL85)=0,"",AM85-LOOKUP(2,1/(AI85:AL85<>""),AI85:AL85))) | BA85: IF(OR(F85="",AN85=""),"",IF(COUNT(AI85:AM85)=0,"",AN85-LOOKUP(2,1/(AI85:AM85<>""),AI85:AM85))) | BB85: IF(OR(F85="",AO85=""),"",IF(COUNT(AI85:AN85)=0,"",AO85-LOOKUP(2,1/(AI85:AN85<>""),AI85:AN85))) | BC85: IF(OR(F85="",AP85=""),"",IF(COUNT(AI85:AO85)=0,"",AP85-LOOKUP(2,1/(AI85:AO85<>""),AI85:AO85))) | BD85: IF(OR(F85="",AQ85=""),"",IF(COUNT(AI85:AP85)=0,"",AQ85-LOOKUP(2,1/(AI85:AP85<>""),AI85:AP85))) | BE85: IF(OR(F85="",AR85=""),"",IF(COUNT(AI85:AQ85)=0,"",AR85-LOOKUP(2,1/(AI85:AQ85<>""),AI85:AQ85))) | BF85: IF(OR(F85="",AS85=""),"",IF(COUNT(AI85:AR85)=0,"",AS85-LOOKUP(2,1/(AI85:AR85<>""),AI85:AR85))) | BG85: IF(OR(F85="",AT85=""),"",IF(COUNT(AI85:AS85)=0,"",AT85-LOOKUP(2,1/(AI85:AS85<>""),AI85:AS85))) | BH85: IF(OR(F85="",AU85=""),"",IF(COUNT(AI85:AT85)=0,"",AU85-LOOKUP(2,1/(AI85:AT85<>""),AI85:AT85))) | BI85: IF(OR(F85="",AV85=""),"",IF(COUNT(AI85:AU85)=0,"",AV85-LOOKUP(2,1/(AI85:AU85<>""),AI85:AU85))) | BJ85: IF(J85="","All_Provinces",IFERROR(VLOOKUP(J85,'09_Lookups'!$A$4:$B$20,2,FALSE),"All_Provinces")) | BK85: IF(K85="","All_Districts",IFERROR(VLOOKUP(K85,'09_Lookups'!$E$4:$F$42,2,FALSE),"All_Districts"))
A86: IF(F86="","",ROW()-3) | B86: AF2-DIS-04 | C86: Package #4-WBK/AF2 DIS: Demonstration of 12 Drip irrigation schemes at 4 district sites of 1. Miramor, 2. Shahristan, 3.Nilli, and 4.Sayghan in Daykundi and Bamyan provinces | D86: 4 of 12 | E86: AF2-DIS-N-044 | F86: Gorg Kosht Drip Irrigation system | G86: Drip Irrigation | H86: Drip Irrigation Plot | I86: Emergency Food Security Project (EFSP) – WBK/AF-2 | J86: Central Highland / Bamyan | K86: Daykundi | M86: Gorg Koshta | N86: World Bank (WBK/AF-2) | O86: Not awarded | P86: 5. Drip Irrigation systems | Q86: Ahmad | S86: 3484.2 | T86: IF(AQ86="","",AQ86) | U86: 46376 | V86: 6.2 | W86: 46566 | X86: IF(W86<>"",W86,IF(OR(T86="",V86=""),"",EDATE(T86,V86))) | AA86: Retendered (Re-ITB) | AB86: Slack period up to end March. Four months construction period starting from April 2026. | Farmer: Ahmad | AC86: IF(F86="","",IF(COUNT(AI86:AV86)=0,IF(AA86="","Not started",AA86),SUBSTITUTE(LOOKUP(2,1/(AI86:AV86<>""),$AI$3:$AV$3),"Date: ",""))) | AD86: IF(OR(F86="",COUNT(AI86:AV86)=0),"",TODAY()-LOOKUP(2,1/(AI86:AV86<>""),AI86:AV86)) | AE86: IF(OR(F86="",COUNT(AI86:AV86)<2),"",LOOKUP(2,1/(AI86:AV86<>""),AI86:AV86)-MIN(AI86:AV86)) | AF86: IF(OR(AD86="",AC86="Not started",AC86=""),"",IFERROR(AD86-IF(VLOOKUP(AC86,'06_Status_Pipeline'!$B$3:$E$20,4,FALSE)="",0,VLOOKUP(AC86,'06_Status_Pipeline'!$B$3:$E$20,4,FALSE)),"")) | AG86: IF(F86="","",IF(OR(AA86="Cancelled",AC86="Cancelled"),"Cancelled",IF(OR(AC86="Completed / Handover",Y86<>"",Z86>=100),"Completed — on track",IF(O86="Not awarded",IF(U86="",IF(X86="","No planned date",IF(TODAY()>X86,"Behind — past planned date",IF(X86-TODAY()<=30,"At risk — close to off track","On track"))),IF(TODAY()>U86,"Behind — award date passed",IF(U86-TODAY()<=30,"At risk — close to off track","On track"))),IF(X86="","No planned date",IF(AND(TODAY()>X86,OR(Z86="",Z86<100)),"Behind — past end date",IF(AND(T86<>"",X86<>"",Z86<>"",(Z86<100),((TODAY()-T86)/MAX(X86-T86,1)*100)-Z86>15),"Behind — progress lag",IF(AND(X86-TODAY()<=30,X86-TODAY()>=0,OR(Z86="",Z86<90)),"At risk — close to off track","On track")))))))) | AH86: IF(OR(F86="",AC86="Completed / Handover",AC86="Cancelled"),"",IF(O86="Not awarded",IF(U86<>"",U86-TODAY(),IF(X86="","",X86-TODAY())),IF(X86="","",X86-TODAY()))) | AW86: IF(OR(F86="",AJ86=""),"",IF(COUNT(AI86:AI86)=0,"",AJ86-LOOKUP(2,1/(AI86:AI86<>""),AI86:AI86))) | AX86: IF(OR(F86="",AK86=""),"",IF(COUNT(AI86:AJ86)=0,"",AK86-LOOKUP(2,1/(AI86:AJ86<>""),AI86:AJ86))) | AY86: IF(OR(F86="",AL86=""),"",IF(COUNT(AI86:AK86)=0,"",AL86-LOOKUP(2,1/(AI86:AK86<>""),AI86:AK86))) | AZ86: IF(OR(F86="",AM86=""),"",IF(COUNT(AI86:AL86)=0,"",AM86-LOOKUP(2,1/(AI86:AL86<>""),AI86:AL86))) | BA86: IF(OR(F86="",AN86=""),"",IF(COUNT(AI86:AM86)=0,"",AN86-LOOKUP(2,1/(AI86:AM86<>""),AI86:AM86))) | BB86: IF(OR(F86="",AO86=""),"",IF(COUNT(AI86:AN86)=0,"",AO86-LOOKUP(2,1/(AI86:AN86<>""),AI86:AN86))) | BC86: IF(OR(F86="",AP86=""),"",IF(COUNT(AI86:AO86)=0,"",AP86-LOOKUP(2,1/(AI86:AO86<>""),AI86:AO86))) | BD86: IF(OR(F86="",AQ86=""),"",IF(COUNT(AI86:AP86)=0,"",AQ86-LOOKUP(2,1/(AI86:AP86<>""),AI86:AP86))) | BE86: IF(OR(F86="",AR86=""),"",IF(COUNT(AI86:AQ86)=0,"",AR86-LOOKUP(2,1/(AI86:AQ86<>""),AI86:AQ86))) | BF86: IF(OR(F86="",AS86=""),"",IF(COUNT(AI86:AR86)=0,"",AS86-LOOKUP(2,1/(AI86:AR86<>""),AI86:AR86))) | BG86: IF(OR(F86="",AT86=""),"",IF(COUNT(AI86:AS86)=0,"",AT86-LOOKUP(2,1/(AI86:AS86<>""),AI86:AS86))) | BH86: IF(OR(F86="",AU86=""),"",IF(COUNT(AI86:AT86)=0,"",AU86-LOOKUP(2,1/(AI86:AT86<>""),AI86:AT86))) | BI86: IF(OR(F86="",AV86=""),"",IF(COUNT(AI86:AU86)=0,"",AV86-LOOKUP(2,1/(AI86:AU86<>""),AI86:AU86))) | BJ86: IF(J86="","All_Provinces",IFERROR(VLOOKUP(J86,'09_Lookups'!$A$4:$B$20,2,FALSE),"All_Provinces")) | BK86: IF(K86="","All_Districts",IFERROR(VLOOKUP(K86,'09_Lookups'!$E$4:$F$42,2,FALSE),"All_Districts"))
A87: IF(F87="","",ROW()-3) | B87: AF2-DIS-04 | C87: Package #4-WBK/AF2 DIS: Demonstration of 12 Drip irrigation schemes at 4 district sites of 1. Miramor, 2. Shahristan, 3.Nilli, and 4.Sayghan in Daykundi and Bamyan provinces | D87: 5 of 12 | E87: AF2-DIS-N-045 | F87: Hejdi Drip irrigatio System | G87: Drip Irrigation | H87: Drip Irrigation Plot | I87: Emergency Food Security Project (EFSP) – WBK/AF-2 | J87: Central Highland / Bamyan | K87: Daykundi | M87: Hijdi | N87: World Bank (WBK/AF-2) | O87: Not awarded | P87: 5. Drip Irrigation systems | Q87: Mohammad Ali | S87: 4425.06 | T87: IF(AQ87="","",AQ87) | U87: 46376 | V87: 6.2 | W87: 46566 | X87: IF(W87<>"",W87,IF(OR(T87="",V87=""),"",EDATE(T87,V87))) | AA87: Retendered (Re-ITB) | AB87: Slack period up to end March. Four months construction period starting from April 2026. | Farmer: Mohammad Ali | AC87: IF(F87="","",IF(COUNT(AI87:AV87)=0,IF(AA87="","Not started",AA87),SUBSTITUTE(LOOKUP(2,1/(AI87:AV87<>""),$AI$3:$AV$3),"Date: ",""))) | AD87: IF(OR(F87="",COUNT(AI87:AV87)=0),"",TODAY()-LOOKUP(2,1/(AI87:AV87<>""),AI87:AV87)) | AE87: IF(OR(F87="",COUNT(AI87:AV87)<2),"",LOOKUP(2,1/(AI87:AV87<>""),AI87:AV87)-MIN(AI87:AV87)) | AF87: IF(OR(AD87="",AC87="Not started",AC87=""),"",IFERROR(AD87-IF(VLOOKUP(AC87,'06_Status_Pipeline'!$B$3:$E$20,4,FALSE)="",0,VLOOKUP(AC87,'06_Status_Pipeline'!$B$3:$E$20,4,FALSE)),"")) | AG87: IF(F87="","",IF(OR(AA87="Cancelled",AC87="Cancelled"),"Cancelled",IF(OR(AC87="Completed / Handover",Y87<>"",Z87>=100),"Completed — on track",IF(O87="Not awarded",IF(U87="",IF(X87="","No planned date",IF(TODAY()>X87,"Behind — past planned date",IF(X87-TODAY()<=30,"At risk — close to off track","On track"))),IF(TODAY()>U87,"Behind — award date passed",IF(U87-TODAY()<=30,"At risk — close to off track","On track"))),IF(X87="","No planned date",IF(AND(TODAY()>X87,OR(Z87="",Z87<100)),"Behind — past end date",IF(AND(T87<>"",X87<>"",Z87<>"",(Z87<100),((TODAY()-T87)/MAX(X87-T87,1)*100)-Z87>15),"Behind — progress lag",IF(AND(X87-TODAY()<=30,X87-TODAY()>=0,OR(Z87="",Z87<90)),"At risk — close to off track","On track")))))))) | AH87: IF(OR(F87="",AC87="Completed / Handover",AC87="Cancelled"),"",IF(O87="Not awarded",IF(U87<>"",U87-TODAY(),IF(X87="","",X87-TODAY())),IF(X87="","",X87-TODAY()))) | AW87: IF(OR(F87="",AJ87=""),"",IF(COUNT(AI87:AI87)=0,"",AJ87-LOOKUP(2,1/(AI87:AI87<>""),AI87:AI87))) | AX87: IF(OR(F87="",AK87=""),"",IF(COUNT(AI87:AJ87)=0,"",AK87-LOOKUP(2,1/(AI87:AJ87<>""),AI87:AJ87))) | AY87: IF(OR(F87="",AL87=""),"",IF(COUNT(AI87:AK87)=0,"",AL87-LOOKUP(2,1/(AI87:AK87<>""),AI87:AK87))) | AZ87: IF(OR(F87="",AM87=""),"",IF(COUNT(AI87:AL87)=0,"",AM87-LOOKUP(2,1/(AI87:AL87<>""),AI87:AL87))) | BA87: IF(OR(F87="",AN87=""),"",IF(COUNT(AI87:AM87)=0,"",AN87-LOOKUP(2,1/(AI87:AM87<>""),AI87:AM87))) | BB87: IF(OR(F87="",AO87=""),"",IF(COUNT(AI87:AN87)=0,"",AO87-LOOKUP(2,1/(AI87:AN87<>""),AI87:AN87))) | BC87: IF(OR(F87="",AP87=""),"",IF(COUNT(AI87:AO87)=0,"",AP87-LOOKUP(2,1/(AI87:AO87<>""),AI87:AO87))) | BD87: IF(OR(F87="",AQ87=""),"",IF(COUNT(AI87:AP87)=0,"",AQ87-LOOKUP(2,1/(AI87:AP87<>""),AI87:AP87))) | BE87: IF(OR(F87="",AR87=""),"",IF(COUNT(AI87:AQ87)=0,"",AR87-LOOKUP(2,1/(AI87:AQ87<>""),AI87:AQ87))) | BF87: IF(OR(F87="",AS87=""),"",IF(COUNT(AI87:AR87)=0,"",AS87-LOOKUP(2,1/(AI87:AR87<>""),AI87:AR87))) | BG87: IF(OR(F87="",AT87=""),"",IF(COUNT(AI87:AS87)=0,"",AT87-LOOKUP(2,1/(AI87:AS87<>""),AI87:AS87))) | BH87: IF(OR(F87="",AU87=""),"",IF(COUNT(AI87:AT87)=0,"",AU87-LOOKUP(2,1/(AI87:AT87<>""),AI87:AT87))) | BI87: IF(OR(F87="",AV87=""),"",IF(COUNT(AI87:AU87)=0,"",AV87-LOOKUP(2,1/(AI87:AU87<>""),AI87:AU87))) | BJ87: IF(J87="","All_Provinces",IFERROR(VLOOKUP(J87,'09_Lookups'!$A$4:$B$20,2,FALSE),"All_Provinces")) | BK87: IF(K87="","All_Districts",IFERROR(VLOOKUP(K87,'09_Lookups'!$E$4:$F$42,2,FALSE),"All_Districts"))
A88: IF(F88="","",ROW()-3) | B88: AF2-DIS-04 | C88: Package #4-WBK/AF2 DIS: Demonstration of 12 Drip irrigation schemes at 4 district sites of 1. Miramor, 2. Shahristan, 3.Nilli, and 4.Sayghan in Daykundi and Bamyan provinces | D88: 6 of 12 | E88: AF2-DIS-N-046 | F88: Khawalak Drip irrigatio SYSTEM | G88: Drip Irrigation | H88: Drip Irrigation Plot | I88: Emergency Food Security Project (EFSP) – WBK/AF-2 | J88: Central Highland / Bamyan | K88: Daykundi | M88: Khawalak | N88: World Bank (WBK/AF-2) | O88: Not awarded | P88: 5. Drip Irrigation systems | Q88: Ali Dost | S88: 3573.45 | T88: IF(AQ88="","",AQ88) | U88: 46376 | V88: 6.2 | W88: 46566 | X88: IF(W88<>"",W88,IF(OR(T88="",V88=""),"",EDATE(T88,V88))) | AA88: Retendered (Re-ITB) | AB88: Slack period up to end March. Four months construction period starting from April 2026. | Farmer: Ali Dost | AC88: IF(F88="","",IF(COUNT(AI88:AV88)=0,IF(AA88="","Not started",AA88),SUBSTITUTE(LOOKUP(2,1/(AI88:AV88<>""),$AI$3:$AV$3),"Date: ",""))) | AD88: IF(OR(F88="",COUNT(AI88:AV88)=0),"",TODAY()-LOOKUP(2,1/(AI88:AV88<>""),AI88:AV88)) | AE88: IF(OR(F88="",COUNT(AI88:AV88)<2),"",LOOKUP(2,1/(AI88:AV88<>""),AI88:AV88)-MIN(AI88:AV88)) | AF88: IF(OR(AD88="",AC88="Not started",AC88=""),"",IFERROR(AD88-IF(VLOOKUP(AC88,'06_Status_Pipeline'!$B$3:$E$20,4,FALSE)="",0,VLOOKUP(AC88,'06_Status_Pipeline'!$B$3:$E$20,4,FALSE)),"")) | AG88: IF(F88="","",IF(OR(AA88="Cancelled",AC88="Cancelled"),"Cancelled",IF(OR(AC88="Completed / Handover",Y88<>"",Z88>=100),"Completed — on track",IF(O88="Not awarded",IF(U88="",IF(X88="","No planned date",IF(TODAY()>X88,"Behind — past planned date",IF(X88-TODAY()<=30,"At risk — close to off track","On track"))),IF(TODAY()>U88,"Behind — award date passed",IF(U88-TODAY()<=30,"At risk — close to off track","On track"))),IF(X88="","No planned date",IF(AND(TODAY()>X88,OR(Z88="",Z88<100)),"Behind — past end date",IF(AND(T88<>"",X88<>"",Z88<>"",(Z88<100),((TODAY()-T88)/MAX(X88-T88,1)*100)-Z88>15),"Behind — progress lag",IF(AND(X88-TODAY()<=30,X88-TODAY()>=0,OR(Z88="",Z88<90)),"At risk — close to off track","On track")))))))) | AH88: IF(OR(F88="",AC88="Completed / Handover",AC88="Cancelled"),"",IF(O88="Not awarded",IF(U88<>"",U88-TODAY(),IF(X88="","",X88-TODAY())),IF(X88="","",X88-TODAY()))) | AW88: IF(OR(F88="",AJ88=""),"",IF(COUNT(AI88:AI88)=0,"",AJ88-LOOKUP(2,1/(AI88:AI88<>""),AI88:AI88))) | AX88: IF(OR(F88="",AK88=""),"",IF(COUNT(AI88:AJ88)=0,"",AK88-LOOKUP(2,1/(AI88:AJ88<>""),AI88:AJ88))) | AY88: IF(OR(F88="",AL88=""),"",IF(COUNT(AI88:AK88)=0,"",AL88-LOOKUP(2,1/(AI88:AK88<>""),AI88:AK88))) | AZ88: IF(OR(F88="",AM88=""),"",IF(COUNT(AI88:AL88)=0,"",AM88-LOOKUP(2,1/(AI88:AL88<>""),AI88:AL88))) | BA88: IF(OR(F88="",AN88=""),"",IF(COUNT(AI88:AM88)=0,"",AN88-LOOKUP(2,1/(AI88:AM88<>""),AI88:AM88))) | BB88: IF(OR(F88="",AO88=""),"",IF(COUNT(AI88:AN88)=0,"",AO88-LOOKUP(2,1/(AI88:AN88<>""),AI88:AN88))) | BC88: IF(OR(F88="",AP88=""),"",IF(COUNT(AI88:AO88)=0,"",AP88-LOOKUP(2,1/(AI88:AO88<>""),AI88:AO88))) | BD88: IF(OR(F88="",AQ88=""),"",IF(COUNT(AI88:AP88)=0,"",AQ88-LOOKUP(2,1/(AI88:AP88<>""),AI88:AP88))) | BE88: IF(OR(F88="",AR88=""),"",IF(COUNT(AI88:AQ88)=0,"",AR88-LOOKUP(2,1/(AI88:AQ88<>""),AI88:AQ88))) | BF88: IF(OR(F88="",AS88=""),"",IF(COUNT(AI88:AR88)=0,"",AS88-LOOKUP(2,1/(AI88:AR88<>""),AI88:AR88))) | BG88: IF(OR(F88="",AT88=""),"",IF(COUNT(AI88:AS88)=0,"",AT88-LOOKUP(2,1/(AI88:AS88<>""),AI88:AS88))) | BH88: IF(OR(F88="",AU88=""),"",IF(COUNT(AI88:AT88)=0,"",AU88-LOOKUP(2,1/(AI88:AT88<>""),AI88:AT88))) | BI88: IF(OR(F88="",AV88=""),"",IF(COUNT(AI88:AU88)=0,"",AV88-LOOKUP(2,1/(AI88:AU88<>""),AI88:AU88))) | BJ88: IF(J88="","All_Provinces",IFERROR(VLOOKUP(J88,'09_Lookups'!$A$4:$B$20,2,FALSE),"All_Provinces")) | BK88: IF(K88="","All_Districts",IFERROR(VLOOKUP(K88,'09_Lookups'!$E$4:$F$42,2,FALSE),"All_Districts"))
A89: IF(F89="","",ROW()-3) | B89: AF2-DIS-04 | C89: Package #4-WBK/AF2 DIS: Demonstration of 12 Drip irrigation schemes at 4 district sites of 1. Miramor, 2. Shahristan, 3.Nilli, and 4.Sayghan in Daykundi and Bamyan provinces | D89: 7 of 12 | E89: AF2-DIS-N-047 | F89: Khawja Chast )Drip irrigation Sysytem | G89: Drip Irrigation | H89: Drip Irrigation Plot | I89: Emergency Food Security Project (EFSP) – WBK/AF-2 | J89: Central Highland / Bamyan | K89: Daykundi | L89: Shahristan | M89: Khwaja Chasht | N89: World Bank (WBK/AF-2) | O89: Not awarded | P89: 5. Drip Irrigation systems | Q89: Mohammad Hashim | S89: 5364.63 | T89: IF(AQ89="","",AQ89) | U89: 46376 | V89: 6.2 | W89: 46566 | X89: IF(W89<>"",W89,IF(OR(T89="",V89=""),"",EDATE(T89,V89))) | AA89: Retendered (Re-ITB) | AB89: Slack period up to end March. Four months construction period starting from April 2026. | Farmer: Mohammad Hashim | AC89: IF(F89="","",IF(COUNT(AI89:AV89)=0,IF(AA89="","Not started",AA89),SUBSTITUTE(LOOKUP(2,1/(AI89:AV89<>""),$AI$3:$AV$3),"Date: ",""))) | AD89: IF(OR(F89="",COUNT(AI89:AV89)=0),"",TODAY()-LOOKUP(2,1/(AI89:AV89<>""),AI89:AV89)) | AE89: IF(OR(F89="",COUNT(AI89:AV89)<2),"",LOOKUP(2,1/(AI89:AV89<>""),AI89:AV89)-MIN(AI89:AV89)) | AF89: IF(OR(AD89="",AC89="Not started",AC89=""),"",IFERROR(AD89-IF(VLOOKUP(AC89,'06_Status_Pipeline'!$B$3:$E$20,4,FALSE)="",0,VLOOKUP(AC89,'06_Status_Pipeline'!$B$3:$E$20,4,FALSE)),"")) | AG89: IF(F89="","",IF(OR(AA89="Cancelled",AC89="Cancelled"),"Cancelled",IF(OR(AC89="Completed / Handover",Y89<>"",Z89>=100),"Completed — on track",IF(O89="Not awarded",IF(U89="",IF(X89="","No planned date",IF(TODAY()>X89,"Behind — past planned date",IF(X89-TODAY()<=30,"At risk — close to off track","On track"))),IF(TODAY()>U89,"Behind — award date passed",IF(U89-TODAY()<=30,"At risk — close to off track","On track"))),IF(X89="","No planned date",IF(AND(TODAY()>X89,OR(Z89="",Z89<100)),"Behind — past end date",IF(AND(T89<>"",X89<>"",Z89<>"",(Z89<100),((TODAY()-T89)/MAX(X89-T89,1)*100)-Z89>15),"Behind — progress lag",IF(AND(X89-TODAY()<=30,X89-TODAY()>=0,OR(Z89="",Z89<90)),"At risk — close to off track","On track")))))))) | AH89: IF(OR(F89="",AC89="Completed / Handover",AC89="Cancelled"),"",IF(O89="Not awarded",IF(U89<>"",U89-TODAY(),IF(X89="","",X89-TODAY())),IF(X89="","",X89-TODAY()))) | AW89: IF(OR(F89="",AJ89=""),"",IF(COUNT(AI89:AI89)=0,"",AJ89-LOOKUP(2,1/(AI89:AI89<>""),AI89:AI89))) | AX89: IF(OR(F89="",AK89=""),"",IF(COUNT(AI89:AJ89)=0,"",AK89-LOOKUP(2,1/(AI89:AJ89<>""),AI89:AJ89))) | AY89: IF(OR(F89="",AL89=""),"",IF(COUNT(AI89:AK89)=0,"",AL89-LOOKUP(2,1/(AI89:AK89<>""),AI89:AK89))) | AZ89: IF(OR(F89="",AM89=""),"",IF(COUNT(AI89:AL89)=0,"",AM89-LOOKUP(2,1/(AI89:AL89<>""),AI89:AL89))) | BA89: IF(OR(F89="",AN89=""),"",IF(COUNT(AI89:AM89)=0,"",AN89-LOOKUP(2,1/(AI89:AM89<>""),AI89:AM89))) | BB89: IF(OR(F89="",AO89=""),"",IF(COUNT(AI89:AN89)=0,"",AO89-LOOKUP(2,1/(AI89:AN89<>""),AI89:AN89))) | BC89: IF(OR(F89="",AP89=""),"",IF(COUNT(AI89:AO89)=0,"",AP89-LOOKUP(2,1/(AI89:AO89<>""),AI89:AO89))) | BD89: IF(OR(F89="",AQ89=""),"",IF(COUNT(AI89:AP89)=0,"",AQ89-LOOKUP(2,1/(AI89:AP89<>""),AI89:AP89))) | BE89: IF(OR(F89="",AR89=""),"",IF(COUNT(AI89:AQ89)=0,"",AR89-LOOKUP(2,1/(AI89:AQ89<>""),AI89:AQ89))) | BF89: IF(OR(F89="",AS89=""),"",IF(COUNT(AI89:AR89)=0,"",AS89-LOOKUP(2,1/(AI89:AR89<>""),AI89:AR89))) | BG89: IF(OR(F89="",AT89=""),"",IF(COUNT(AI89:AS89)=0,"",AT89-LOOKUP(2,1/(AI89:AS89<>""),AI89:AS89))) | BH89: IF(OR(F89="",AU89=""),"",IF(COUNT(AI89:AT89)=0,"",AU89-LOOKUP(2,1/(AI89:AT89<>""),AI89:AT89))) | BI89: IF(OR(F89="",AV89=""),"",IF(COUNT(AI89:AU89)=0,"",AV89-LOOKUP(2,1/(AI89:AU89<>""),AI89:AU89))) | BJ89: IF(J89="","All_Provinces",IFERROR(VLOOKUP(J89,'09_Lookups'!$A$4:$B$20,2,FALSE),"All_Provinces")) | BK89: IF(K89="","All_Districts",IFERROR(VLOOKUP(K89,'09_Lookups'!$E$4:$F$42,2,FALSE),"All_Districts"))
A90: IF(F90="","",ROW()-3) | B90: AF2-DIS-04 | C90: Package #4-WBK/AF2 DIS: Demonstration of 12 Drip irrigation schemes at 4 district sites of 1. Miramor, 2. Shahristan, 3.Nilli, and 4.Sayghan in Daykundi and Bamyan provinces | D90: 8 of 12 | E90: AF2-DIS-N-048 | F90: Peshang Drip Irrigation system | G90: Drip Irrigation | H90: Drip Irrigation Plot | I90: Emergency Food Security Project (EFSP) – WBK/AF-2 | J90: Central Highland / Bamyan | K90: Bamyan | L90: Sayghan | M90: Peshang | N90: World Bank (WBK/AF-2) | O90: Not awarded | P90: 5. Drip Irrigation systems | Q90: Abdul Rahman | S90: 3856.11 | T90: IF(AQ90="","",AQ90) | U90: 46376 | V90: 6.2 | W90: 46566 | X90: IF(W90<>"",W90,IF(OR(T90="",V90=""),"",EDATE(T90,V90))) | AA90: Retendered (Re-ITB) | AB90: Slack period up to end March. Four months construction period starting from April 2026. | Farmer: Abdul Rahman | AC90: IF(F90="","",IF(COUNT(AI90:AV90)=0,IF(AA90="","Not started",AA90),SUBSTITUTE(LOOKUP(2,1/(AI90:AV90<>""),$AI$3:$AV$3),"Date: ",""))) | AD90: IF(OR(F90="",COUNT(AI90:AV90)=0),"",TODAY()-LOOKUP(2,1/(AI90:AV90<>""),AI90:AV90)) | AE90: IF(OR(F90="",COUNT(AI90:AV90)<2),"",LOOKUP(2,1/(AI90:AV90<>""),AI90:AV90)-MIN(AI90:AV90)) | AF90: IF(OR(AD90="",AC90="Not started",AC90=""),"",IFERROR(AD90-IF(VLOOKUP(AC90,'06_Status_Pipeline'!$B$3:$E$20,4,FALSE)="",0,VLOOKUP(AC90,'06_Status_Pipeline'!$B$3:$E$20,4,FALSE)),"")) | AG90: IF(F90="","",IF(OR(AA90="Cancelled",AC90="Cancelled"),"Cancelled",IF(OR(AC90="Completed / Handover",Y90<>"",Z90>=100),"Completed — on track",IF(O90="Not awarded",IF(U90="",IF(X90="","No planned date",IF(TODAY()>X90,"Behind — past planned date",IF(X90-TODAY()<=30,"At risk — close to off track","On track"))),IF(TODAY()>U90,"Behind — award date passed",IF(U90-TODAY()<=30,"At risk — close to off track","On track"))),IF(X90="","No planned date",IF(AND(TODAY()>X90,OR(Z90="",Z90<100)),"Behind — past end date",IF(AND(T90<>"",X90<>"",Z90<>"",(Z90<100),((TODAY()-T90)/MAX(X90-T90,1)*100)-Z90>15),"Behind — progress lag",IF(AND(X90-TODAY()<=30,X90-TODAY()>=0,OR(Z90="",Z90<90)),"At risk — close to off track","On track")))))))) | AH90: IF(OR(F90="",AC90="Completed / Handover",AC90="Cancelled"),"",IF(O90="Not awarded",IF(U90<>"",U90-TODAY(),IF(X90="","",X90-TODAY())),IF(X90="","",X90-TODAY()))) | AW90: IF(OR(F90="",AJ90=""),"",IF(COUNT(AI90:AI90)=0,"",AJ90-LOOKUP(2,1/(AI90:AI90<>""),AI90:AI90))) | AX90: IF(OR(F90="",AK90=""),"",IF(COUNT(AI90:AJ90)=0,"",AK90-LOOKUP(2,1/(AI90:AJ90<>""),AI90:AJ90))) | AY90: IF(OR(F90="",AL90=""),"",IF(COUNT(AI90:AK90)=0,"",AL90-LOOKUP(2,1/(AI90:AK90<>""),AI90:AK90))) | AZ90: IF(OR(F90="",AM90=""),"",IF(COUNT(AI90:AL90)=0,"",AM90-LOOKUP(2,1/(AI90:AL90<>""),AI90:AL90))) | BA90: IF(OR(F90="",AN90=""),"",IF(COUNT(AI90:AM90)=0,"",AN90-LOOKUP(2,1/(AI90:AM90<>""),AI90:AM90))) | BB90: IF(OR(F90="",AO90=""),"",IF(COUNT(AI90:AN90)=0,"",AO90-LOOKUP(2,1/(AI90:AN90<>""),AI90:AN90))) | BC90: IF(OR(F90="",AP90=""),"",IF(COUNT(AI90:AO90)=0,"",AP90-LOOKUP(2,1/(AI90:AO90<>""),AI90:AO90))) | BD90: IF(OR(F90="",AQ90=""),"",IF(COUNT(AI90:AP90)=0,"",AQ90-LOOKUP(2,1/(AI90:AP90<>""),AI90:AP90))) | BE90: IF(OR(F90="",AR90=""),"",IF(COUNT(AI90:AQ90)=0,"",AR90-LOOKUP(2,1/(AI90:AQ90<>""),AI90:AQ90))) | BF90: IF(OR(F90="",AS90=""),"",IF(COUNT(AI90:AR90)=0,"",AS90-LOOKUP(2,1/(AI90:AR90<>""),AI90:AR90))) | BG90: IF(OR(F90="",AT90=""),"",IF(COUNT(AI90:AS90)=0,"",AT90-LOOKUP(2,1/(AI90:AS90<>""),AI90:AS90))) | BH90: IF(OR(F90="",AU90=""),"",IF(COUNT(AI90:AT90)=0,"",AU90-LOOKUP(2,1/(AI90:AT90<>""),AI90:AT90))) | BI90: IF(OR(F90="",AV90=""),"",IF(COUNT(AI90:AU90)=0,"",AV90-LOOKUP(2,1/(AI90:AU90<>""),AI90:AU90))) | BJ90: IF(J90="","All_Provinces",IFERROR(VLOOKUP(J90,'09_Lookups'!$A$4:$B$20,2,FALSE),"All_Provinces")) | BK90: IF(K90="","All_Districts",IFERROR(VLOOKUP(K90,'09_Lookups'!$E$4:$F$42,2,FALSE),"All_Districts"))
A91: IF(F91="","",ROW()-3) | B91: AF2-DIS-04 | C91: Package #4-WBK/AF2 DIS: Demonstration of 12 Drip irrigation schemes at 4 district sites of 1. Miramor, 2. Shahristan, 3.Nilli, and 4.Sayghan in Daykundi and Bamyan provinces | D91: 9 of 12 | E91: AF2-DIS-N-049 | F91: Safid Derakht 01 Drip Irrigtion System | G91: Drip Irrigation | H91: Drip Irrigation Plot | I91: Emergency Food Security Project (EFSP) – WBK/AF-2 | J91: Central Highland / Bamyan | K91: Daykundi | L91: Nilli | M91: Safid Derakht, | N91: World Bank (WBK/AF-2) | O91: Not awarded | P91: 5. Drip Irrigation systems | Q91: Sayed Mohammad | S91: 5459.95 | T91: IF(AQ91="","",AQ91) | U91: 46376 | V91: 6.2 | W91: 46566 | X91: IF(W91<>"",W91,IF(OR(T91="",V91=""),"",EDATE(T91,V91))) | AA91: Retendered (Re-ITB) | AB91: Slack period up to end March. Four months construction period starting from April 2026. | Farmer: Sayed Mohammad | AC91: IF(F91="","",IF(COUNT(AI91:AV91)=0,IF(AA91="","Not started",AA91),SUBSTITUTE(LOOKUP(2,1/(AI91:AV91<>""),$AI$3:$AV$3),"Date: ",""))) | AD91: IF(OR(F91="",COUNT(AI91:AV91)=0),"",TODAY()-LOOKUP(2,1/(AI91:AV91<>""),AI91:AV91)) | AE91: IF(OR(F91="",COUNT(AI91:AV91)<2),"",LOOKUP(2,1/(AI91:AV91<>""),AI91:AV91)-MIN(AI91:AV91)) | AF91: IF(OR(AD91="",AC91="Not started",AC91=""),"",IFERROR(AD91-IF(VLOOKUP(AC91,'06_Status_Pipeline'!$B$3:$E$20,4,FALSE)="",0,VLOOKUP(AC91,'06_Status_Pipeline'!$B$3:$E$20,4,FALSE)),"")) | AG91: IF(F91="","",IF(OR(AA91="Cancelled",AC91="Cancelled"),"Cancelled",IF(OR(AC91="Completed / Handover",Y91<>"",Z91>=100),"Completed — on track",IF(O91="Not awarded",IF(U91="",IF(X91="","No planned date",IF(TODAY()>X91,"Behind — past planned date",IF(X91-TODAY()<=30,"At risk — close to off track","On track"))),IF(TODAY()>U91,"Behind — award date passed",IF(U91-TODAY()<=30,"At risk — close to off track","On track"))),IF(X91="","No planned date",IF(AND(TODAY()>X91,OR(Z91="",Z91<100)),"Behind — past end date",IF(AND(T91<>"",X91<>"",Z91<>"",(Z91<100),((TODAY()-T91)/MAX(X91-T91,1)*100)-Z91>15),"Behind — progress lag",IF(AND(X91-TODAY()<=30,X91-TODAY()>=0,OR(Z91="",Z91<90)),"At risk — close to off track","On track")))))))) | AH91: IF(OR(F91="",AC91="Completed / Handover",AC91="Cancelled"),"",IF(O91="Not awarded",IF(U91<>"",U91-TODAY(),IF(X91="","",X91-TODAY())),IF(X91="","",X91-TODAY()))) | AW91: IF(OR(F91="",AJ91=""),"",IF(COUNT(AI91:AI91)=0,"",AJ91-LOOKUP(2,1/(AI91:AI91<>""),AI91:AI91))) | AX91: IF(OR(F91="",AK91=""),"",IF(COUNT(AI91:AJ91)=0,"",AK91-LOOKUP(2,1/(AI91:AJ91<>""),AI91:AJ91))) | AY91: IF(OR(F91="",AL91=""),"",IF(COUNT(AI91:AK91)=0,"",AL91-LOOKUP(2,1/(AI91:AK91<>""),AI91:AK91))) | AZ91: IF(OR(F91="",AM91=""),"",IF(COUNT(AI91:AL91)=0,"",AM91-LOOKUP(2,1/(AI91:AL91<>""),AI91:AL91))) | BA91: IF(OR(F91="",AN91=""),"",IF(COUNT(AI91:AM91)=0,"",AN91-LOOKUP(2,1/(AI91:AM91<>""),AI91:AM91))) | BB91: IF(OR(F91="",AO91=""),"",IF(COUNT(AI91:AN91)=0,"",AO91-LOOKUP(2,1/(AI91:AN91<>""),AI91:AN91))) | BC91: IF(OR(F91="",AP91=""),"",IF(COUNT(AI91:AO91)=0,"",AP91-LOOKUP(2,1/(AI91:AO91<>""),AI91:AO91))) | BD91: IF(OR(F91="",AQ91=""),"",IF(COUNT(AI91:AP91)=0,"",AQ91-LOOKUP(2,1/(AI91:AP91<>""),AI91:AP91))) | BE91: IF(OR(F91="",AR91=""),"",IF(COUNT(AI91:AQ91)=0,"",AR91-LOOKUP(2,1/(AI91:AQ91<>""),AI91:AQ91))) | BF91: IF(OR(F91="",AS91=""),"",IF(COUNT(AI91:AR91)=0,"",AS91-LOOKUP(2,1/(AI91:AR91<>""),AI91:AR91))) | BG91: IF(OR(F91="",AT91=""),"",IF(COUNT(AI91:AS91)=0,"",AT91-LOOKUP(2,1/(AI91:AS91<>""),AI91:AS91))) | BH91: IF(OR(F91="",AU91=""),"",IF(COUNT(AI91:AT91)=0,"",AU91-LOOKUP(2,1/(AI91:AT91<>""),AI91:AT91))) | BI91: IF(OR(F91="",AV91=""),"",IF(COUNT(AI91:AU91)=0,"",AV91-LOOKUP(2,1/(AI91:AU91<>""),AI91:AU91))) | BJ91: IF(J91="","All_Provinces",IFERROR(VLOOKUP(J91,'09_Lookups'!$A$4:$B$20,2,FALSE),"All_Provinces")) | BK91: IF(K91="","All_Districts",IFERROR(VLOOKUP(K91,'09_Lookups'!$E$4:$F$42,2,FALSE),"All_Districts"))
