Workbook
Name MeanMDWIR: DailyCalc!$S$1

Sheet README
A1: Check-dam groundwater recharge calculator
A2: Field workbook for small check dams on Kandahar / Zabul alluvial fans. Yellow cells are inputs. Blue cells are formulas — do not type over them. An example spring filling is pre-loaded so you can see a complete result; replace it with your Form B and Form C data.
A6: Sheet order
A7: Sheet | B7: Purpose
A8: 1. Site | B8: Names, crest, Sy, default evaporation. Matches Form A.
A9: 2. StageAreaVolume | B9: h–A–V table from the empty-pond survey. Do not skip.
A10: 3. Evaporation | B10: Monthly open-water E (mm/day). Override if you have a pan (use 0.7 × pan).
A11: 4. DailyPond | B11: Paste Form B: date, rain, stage, overflow, pumped.
A12: 5. DailyCalc | B12: Interpolates A and V, flags dry days, computes MDWIR and daily infiltration.
A13: 6. Wells | B13: Form C water levels. Converts DTW to elevation and seasonal Δh.
A14: 7. Karez | B14: Weekly KO discharge and flow-day count.
A15: 8. Summary | B15: I1–I5 for the year.
A16: 9. Scorecard | B16: Interpretation and desilting decision.
A18: Colour key
A19: Input | B19: Type here (field data)
A20: Calculated | B20: Formula — leave it
A22: Dry-day rule (Dashora / MARVI)
A23: A day is DRY if rain = 0, overflow = N, pumped = N, and stage fell. Infiltration volume = drop in storage − evaporation × mean area. MDWIR = that volume / mean area. On wet or spilling days, infiltration = mean dry-day MDWIR × mean area. I1 is the sum of daily infiltration over all days with water in the pond.
A27: Example currently loaded
A28: Example spring filling (Mar–Apr), crest volume 6,275 m³. Independent Python check: I1 = 6,365 m³, I2 = 1.01 fillings, mean MDWIR = 48.2 mm/day. After you build this file, open Summary and confirm it matches within 1%.

Sheet Site
A1: Site (Form A)
A3: Item | B3: Value | D3: Notes
A4: Check dam ID | B4: CD-EX-01 | D4: Replace the example ID before a real campaign. Sy = 0.10 is the Afghan karez-model default for fan gravels. Always report I4 as a range using Sy low and Sy high.
A5: Province / district | B5: Kandahar / Arghandab example
A6: Wadi / fan name | B6: Example fan apex wadi
A7: Treated or control | B7: Treated
A8: Year built | B8: 2024
A9: Cascade position (1 = upstream) | B9: 1
A10: Crest stage on gauge (m) | B10: 2.5
A11: Gauge zero | B11: Pond bed
A12: Latitude | B12: 31.62
A13: Longitude | B13: 65.74
A14: Catchment area (ha) | B14: 450
A15: Sy default (fan gravel) | B15: 0.1
A16: Sy low | B16: 0.08
A17: Sy high | B17: 0.15
A18: Observer name | B18: Example observer
A19: Technician name | B19: Example technician
A21: Other sheets read B10 = crest stage (m), B14 = catchment (ha), B15 = Sy default.

Sheet StageAreaVolume
A1: Stage–area–volume (Form A4)
A2: Enter surveyed stage (m above gauge zero), surface area (m²), then volume is computed by the trapezoid rule. Keep stages in increasing order. Crest must appear in the table.
A5: Stage h (m) | B5: Area A (m²) | C5: ΔV (m³) | D5: Cumulative V (m³) | E5: Notes
A6: 0 | B6: 0 | C6: 0 | D6: 0
A7: 0.5 | B7: 800 | C7: =IF(A7="","",(A7-A6)/2*(B7+B6)) | D7: =IF(A7="","",D6+C7)
A8: 1 | B8: 1800 | C8: =IF(A8="","",(A8-A7)/2*(B8+B7)) | D8: =IF(A8="","",D7+C8)
A9: 1.5 | B9: 3000 | C9: =IF(A9="","",(A9-A8)/2*(B9+B8)) | D9: =IF(A9="","",D8+C9)
A10: 2 | B10: 4200 | C10: =IF(A10="","",(A10-A9)/2*(B10+B9)) | D10: =IF(A10="","",D9+C10)
A11: 2.5 | B11: 5500 | C11: =IF(A11="","",(A11-A10)/2*(B11+B10)) | D11: =IF(A11="","",D10+C11) | E11: CREST
C12: =IF(OR(A12="",A11=""),"",(A12-A11)/2*(B12+B11)) | D12: =IF(A12="","",IF(D11="",C12,D11+C12))
C13: =IF(OR(A13="",A12=""),"",(A13-A12)/2*(B13+B12)) | D13: =IF(A13="","",IF(D12="",C13,D12+C13))
C14: =IF(OR(A14="",A13=""),"",(A14-A13)/2*(B14+B13)) | D14: =IF(A14="","",IF(D13="",C14,D13+C14))
C15: =IF(OR(A15="",A14=""),"",(A15-A14)/2*(B15+B14)) | D15: =IF(A15="","",IF(D14="",C15,D14+C15))
C16: =IF(OR(A16="",A15=""),"",(A16-A15)/2*(B16+B15)) | D16: =IF(A16="","",IF(D15="",C16,D15+C16))
C17: =IF(OR(A17="",A16=""),"",(A17-A16)/2*(B17+B16)) | D17: =IF(A17="","",IF(D16="",C17,D16+C17))
A20: Crest volume (m³) | B20: =INDEX(D6:D17,MATCH(Site!B10,A6:A17,0)) | C20: Looks up V at Site crest stage. If #N/A, put an exact crest row in the table.
A21: Crest area (m²) | B21: =INDEX(B6:B17,MATCH(Site!B10,A6:A17,0))

Sheet Evaporation
A1: Open-water evaporation (mm/day)
A2: Defaults are for Kandahar open water when no pan is available. If you have a Class A pan, enter 0.70 × monthly mean pan in column B.
A5: Month number | B5: E (mm/day) | C5: Month name | D5: Source
A6: 1 | B6: 2.5 | C6: Jan | D6: Default Kandahar open water
A7: 2 | B7: 3.5 | C7: Feb | D7: Default Kandahar open water
A8: 3 | B8: 5 | C8: Mar | D8: Default Kandahar open water
A9: 4 | B9: 6.5 | C9: Apr | D9: Default Kandahar open water
A10: 5 | B10: 8 | C10: May | D10: Default Kandahar open water
A11: 6 | B11: 9 | C11: Jun | D11: Default Kandahar open water
A12: 7 | B12: 9.5 | C12: Jul | D12: Default Kandahar open water
A13: 8 | B13: 9 | C13: Aug | D13: Default Kandahar open water
A14: 9 | B14: 7 | C14: Sep | D14: Default Kandahar open water
A15: 10 | B15: 5 | C15: Oct | D15: Default Kandahar open water
A16: 11 | B16: 3.5 | C16: Nov | D16: Default Kandahar open water
A17: 12 | B17: 2.5 | C17: Dec | D17: Default Kandahar open water
A20: Lookup: DailyCalc uses =VLOOKUP(month, Evaporation!A6:B17, 2, FALSE)

Sheet DailyPond
A1: Daily pond log (Form B) — INPUT
A2: One row per day. Leave stage blank if not visited. Write 0 for a dry pond (empty). Overflow and Pumped must be Y or N. Example filling is rows 5–34; overwrite these.
A4: Date | B4: Rain P (mm) | C4: Stage h (m) | D4: Overflow (Y/N) | E4: Pumped (Y/N) | F4: Photo ID | G4: Notes | H4: Observer
A5: 2025-03-08 | B5: 22 | C5: 1.7 | D5: N | E5: N | F5: IMG-001 | H5: Example
A6: 2025-03-09 | B6: 14 | C6: 2.35 | D6: N | E6: N | F6: IMG-002 | H6: Example
A7: 2025-03-10 | B7: 0 | C7: 2.52 | D7: Y | E7: N | F7: IMG-003 | H7: Example
A8: 2025-03-11 | B8: 0 | C8: 2.46 | D8: N | E8: N | F8: IMG-004 | H8: Example
A9: 2025-03-12 | B9: 0 | C9: 2.4 | D9: N | E9: N | F9: IMG-005 | H9: Example
A10: 2025-03-13 | B10: 0 | C10: 2.35 | D10: N | E10: N | F10: IMG-006 | H10: Example
A11: 2025-03-14 | B11: 0 | C11: 2.29 | D11: N | E11: N | F11: IMG-007 | H11: Example
A12: 2025-03-15 | B12: 0 | C12: 2.24 | D12: N | E12: N | F12: IMG-008 | H12: Example
A13: 2025-03-16 | B13: 0 | C13: 2.18 | D13: N | E13: N | F13: IMG-009 | H13: Example
A14: 2025-03-17 | B14: 0 | C14: 2.13 | D14: N | E14: N | F14: IMG-010 | H14: Example
A15: 2025-03-18 | B15: 0 | C15: 2.07 | D15: N | E15: N | F15: IMG-011 | H15: Example
A16: 2025-03-19 | B16: 0 | C16: 2.02 | D16: N | E16: N | F16: IMG-012 | H16: Example
... A52: 2025-04-24 | B52: 0 | C52: 0 | D52: N | E52: N | F52: IMG-048 | H52: Example

Sheet DailyCalc
A1: Daily water balance — CALCULATED (do not type here) | R1: MeanMDWIR_mm_d | S1: =IFERROR(AVERAGEIF(L5:L204,1,M5:M204),0)
A2: h_prev is previous row stage. DryDay = 1 only if rain=0, overflow=N, pumped=N, and stage fell. MDWIR_mm_d is computed on dry days. InfiltrationUsed_m3 uses the dry-day value on dry days and MeanMDWIR × Aavg on other ponded days (Dashora shortcut). | R2: I1 sum infiltration m3 | S2: =SUM(N5:N204)
R3: Days ponded | S3: =COUNTIF(C5:C204,">0")
A4: Date | B4: Rain_mm | C4: h_m | D4: Overflow | E4: Pumped | F4: Month | G4: E_mm | H4: A_m2 | I4: V_m3 | J4: h_prev | K4: Aavg_m2 | L4: DryDay | M4: MDWIR_mm_d | N4: InfiltrationUsed_m3 | O4: Evap_m3 | P4: Flag | R4: Dry days used | S4: =SUM(L5:L204)
A5: =IF(DailyPond!A5="","",DailyPond!A5) | B5: =IF(A5="","",DailyPond!B5) | C5: =IF(A5="","",DailyPond!C5) | D5: =IF(A5="","",DailyPond!D5) | E5: =IF(A5="","",DailyPond!E5) | F5: =IF(A5="","",MONTH(A5)) | G5: =IF(A5="","",VLOOKUP(F5,Evaporation!$A$6:$B$17,2,FALSE)) | H5: =IF(A5="","",IF(C5="","",IF(C5<=INDEX(StageAreaVolume!$A$6:$A$17,1),INDEX(StageAreaVolume!$B$6:$B$17,1),IF(C5>=INDEX(StageAreaVolume!$A$6:$A$17,COUNTA(StageAreaVolume!$A$6:$A$17)),INDEX(StageAreaVolume!$B$6:$B$17,COUNTA(StageAreaVolume!$A$6:$A$17)),(INDEX(StageAreaVolume!$B$6:$B$17,MATCH(C5,StageAreaVolume!$A$6:$A$17,1))+(C5-INDEX(StageAreaVolume!$A$6:$A$17,MATCH(C5,StageAreaVolume!$A$6:$A$17,1)))/(INDEX(StageAreaVolume!$A$6:$A$17,MATCH(C5,StageAreaVolume!$A$6:$A$17,1)+1)-INDEX(StageAreaVolume!$A$6:$A$17,MATCH(C5,StageAreaVolume!$A$6:$A$17,1)))*(INDEX(StageAreaVolume!$B$6:$B$17,MATCH(C5,StageAreaVolume!$A$6:$A$17,1)+1)-INDEX(StageAreaVolume!$B$6:$B$17,MATCH(C5,StageAreaVolume!$A$6:$A$17,1))))))))) | I5: =IF(A5="","",IF(C5="","",IF(C5<=INDEX(StageAreaVolume!$A$6:$A$17,1),INDEX(StageAreaVolume!$D$6:$D$17,1),IF(C5>=INDEX(StageAreaVolume!$A$6:$A$17,COUNTA(StageAreaVolume!$A$6:$A$17)),INDEX(StageAreaVolume!$D$6:$D$17,COUNTA(StageAreaVolume!$A$6:$A$17)),(INDEX(StageAreaVolume!$D$6:$D$17,MATCH(C5,StageAreaVolume!$A$6:$A$17,1))+(C5-INDEX(StageAreaVolume!$A$6:$A$17,MATCH(C5,StageAreaVolume!$A$6:$A$17,1)))/(INDEX(StageAreaVolume!$A$6:$A$17,MATCH(C5,StageAreaVolume!$A$6:$A$17,1)+1)-INDEX(StageAreaVolume!$A$6:$A$17,MATCH(C5,StageAreaVolume!$A$6:$A$17,1)))*(INDEX(StageAreaVolume!$D$6:$D$17,MATCH(C5,StageAreaVolume!$A$6:$A$17,1)+1)-INDEX(StageAreaVolume!$D$6:$D$17,MATCH(C5,StageAreaVolume!$A$6:$A$17,1))))))))) | J5: =IF(A5="","",NA()) | K5: =IF(A5="","",H5) | L5: 0 | M5: ="" | N5: 0 | O5: 0 | P5: ="first"
A6: =IF(DailyPond!A6="","",DailyPond!A6) | B6: =IF(A6="","",DailyPond!B6) | C6: =IF(A6="","",DailyPond!C6) | D6: =IF(A6="","",DailyPond!D6) | E6: =IF(A6="","",DailyPond!E6) | F6: =IF(A6="","",MONTH(A6)) | G6: =IF(A6="","",VLOOKUP(F6,Evaporation!$A$6:$B$17,2,FALSE)) | H6: =IF(A6="","",IF(C6="","",IF(C6<=INDEX(StageAreaVolume!$A$6:$A$17,1),INDEX(StageAreaVolume!$B$6:$B$17,1),IF(C6>=INDEX(StageAreaVolume!$A$6:$A$17,COUNTA(StageAreaVolume!$A$6:$A$17)),INDEX(StageAreaVolume!$B$6:$B$17,COUNTA(StageAreaVolume!$A$6:$A$17)),(INDEX(StageAreaVolume!$B$6:$B$17,MATCH(C6,StageAreaVolume!$A$6:$A$17,1))+(C6-INDEX(StageAreaVolume!$A$6:$A$17,MATCH(C6,StageAreaVolume!$A$6:$A$17,1)))/(INDEX(StageAreaVolume!$A$6:$A$17,MATCH(C6,StageAreaVolume!$A$6:$A$17,1)+1)-INDEX(StageAreaVolume!$A$6:$A$17,MATCH(C6,StageAreaVolume!$A$6:$A$17,1)))*(INDEX(StageAreaVolume!$B$6:$B$17,MATCH(C6,StageAreaVolume!$A$6:$A$17,1)+1)-INDEX(StageAreaVolume!$B$6:$B$17,MATCH(C6,StageAreaVolume!$A$6:$A$17,1))))))))) | I6: =IF(A6="","",IF(C6="","",IF(C6<=INDEX(StageAreaVolume!$A$6:$A$17,1),INDEX(StageAreaVolume!$D$6:$D$17,1),IF(C6>=INDEX(StageAreaVolume!$A$6:$A$17,COUNTA(StageAreaVolume!$A$6:$A$17)),INDEX(StageAreaVolume!$D$6:$D$17,COUNTA(StageAreaVolume!$A$6:$A$17)),(INDEX(StageAreaVolume!$D$6:$D$17,MATCH(C6,StageAreaVolume!$A$6:$A$17,1))+(C6-INDEX(StageAreaVolume!$A$6:$A$17,MATCH(C6,StageAreaVolume!$A$6:$A$17,1)))/(INDEX(StageAreaVolume!$A$6:$A$17,MATCH(C6,StageAreaVolume!$A$6:$A$17,1)+1)-INDEX(StageAreaVolume!$A$6:$A$17,MATCH(C6,StageAreaVolume!$A$6:$A$17,1)))*(INDEX(StageAreaVolume!$D$6:$D$17,MATCH(C6,StageAreaVolume!$A$6:$A$17,1)+1)-INDEX(StageAreaVolume!$D$6:$D$17,MATCH(C6,StageAreaVolume!$A$6:$A$17,1))))))))) | J6: =IF(A6="","",IF(A5="",NA(),C5)) | K6: =IF(OR(A6="",ISNA(J6)),IF(A6="","",H6),(H5+H6)/2) | L6: =IF(OR(A6="",ISNA(J6)),0,IF(AND(B6=0,D6="N",E6="N",C6<J6,C6>0),1,0)) | M6: =IF(L6<>1,"",IF(K6<=0,"",(I5-I6-G6/1000*K6)/K6*1000)) | N6: =IF(A6="","",IF(L6=1,I5-I6-O6,IF(OR(C6>0,N(J6)>0),MeanMDWIR/1000*K6,0))) | O6: =IF(A6="","",G6/1000*K6) | P6: =IF(A6="","",IF(L6=1,"dry",IF(D6="Y","spill",IF(B6>0,"wet",IF(E6="Y","pumped","other"))))) | R6: Python check (example) | S6: 48.215228 | T6: Expected mean MDWIR mm/d
A7: =IF(DailyPond!A7="","",DailyPond!A7) | B7: =IF(A7="","",DailyPond!B7) | C7: =IF(A7="","",DailyPond!C7) | D7: =IF(A7="","",DailyPond!D7) | E7: =IF(A7="","",DailyPond!E7) | F7: =IF(A7="","",MONTH(A7)) | G7: =IF(A7="","",VLOOKUP(F7,Evaporation!$A$6:$B$17,2,FALSE)) | H7: =IF(A7="","",IF(C7="","",IF(C7<=INDEX(StageAreaVolume!$A$6:$A$17,1),INDEX(StageAreaVolume!$B$6:$B$17,1),IF(C7>=INDEX(StageAreaVolume!$A$6:$A$17,COUNTA(StageAreaVolume!$A$6:$A$17)),INDEX(StageAreaVolume!$B$6:$B$17,COUNTA(StageAreaVolume!$A$6:$A$17)),(INDEX(StageAreaVolume!$B$6:$B$17,MATCH(C7,StageAreaVolume!$A$6:$A$17,1))+(C7-INDEX(StageAreaVolume!$A$6:$A$17,MATCH(C7,StageAreaVolume!$A$6:$A$17,1)))/(INDEX(StageAreaVolume!$A$6:$A$17,MATCH(C7,StageAreaVolume!$A$6:$A$17,1)+1)-INDEX(StageAreaVolume!$A$6:$A$17,MATCH(C7,StageAreaVolume!$A$6:$A$17,1)))*(INDEX(StageAreaVolume!$B$6:$B$17,MATCH(C7,StageAreaVolume!$A$6:$A$17,1)+1)-INDEX(StageAreaVolume!$B$6:$B$17,MATCH(C7,StageAreaVolume!$A$6:$A$17,1))))))))) | I7: =IF(A7="","",IF(C7="","",IF(C7<=INDEX(StageAreaVolume!$A$6:$A$17,1),INDEX(StageAreaVolume!$D$6:$D$17,1),IF(C7>=INDEX(StageAreaVolume!$A$6:$A$17,COUNTA(StageAreaVolume!$A$6:$A$17)),INDEX(StageAreaVolume!$D$6:$D$17,COUNTA(StageAreaVolume!$A$6:$A$17)),(INDEX(StageAreaVolume!$D$6:$D$17,MATCH(C7,StageAreaVolume!$A$6:$A$17,1))+(C7-INDEX(StageAreaVolume!$A$6:$A$17,MATCH(C7,StageAreaVolume!$A$6:$A$17,1)))/(INDEX(StageAreaVolume!$A$6:$A$17,MATCH(C7,StageAreaVolume!$A$6:$A$17,1)+1)-INDEX(StageAreaVolume!$A$6:$A$17,MATCH(C7,StageAreaVolume!$A$6:$A$17,1)))*(INDEX(StageAreaVolume!$D$6:$D$17,MATCH(C7,StageAreaVolume!$A$6:$A$17,1)+1)-INDEX(StageAreaVolume!$D$6:$D$17,MATCH(C7,StageAreaVolume!$A$6:$A$17,1))))))))) | J7: =IF(A7="","",IF(A6="",NA(),C6)) | K7: =IF(OR(A7="",ISNA(J7)),IF(A7="","",H7),(H6+H7)/2) | L7: =IF(OR(A7="",ISNA(J7)),0,IF(AND(B7=0,D7="N",E7="N",C7<J7,C7>0),1,0)) | M7: =IF(L7<>1,"",IF(K7<=0,"",(I6-I7-G7/1000*K7)/K7*1000)) | N7: =IF(A7="","",IF(L7=1,I6-I7-O7,IF(OR(C7>0,N(J7)>0),MeanMDWIR/1000*K7,0))) | O7: =IF(A7="","",G7/1000*K7) | P7: =IF(A7="","",IF(L7=1,"dry",IF(D7="Y","spill",IF(B7>0,"wet",IF(E7="Y","pumped","other"))))) | R7: Python I1 m3 | S7: 6365.4187
A8: =IF(DailyPond!A8="","",DailyPond!A8) | B8: =IF(A8="","",DailyPond!B8) | C8: =IF(A8="","",DailyPond!C8) | D8: =IF(A8="","",DailyPond!D8) | E8: =IF(A8="","",DailyPond!E8) | F8: =IF(A8="","",MONTH(A8)) | G8: =IF(A8="","",VLOOKUP(F8,Evaporation!$A$6:$B$17,2,FALSE)) | H8: =IF(A8="","",IF(C8="","",IF(C8<=INDEX(StageAreaVolume!$A$6:$A$17,1),INDEX(StageAreaVolume!$B$6:$B$17,1),IF(C8>=INDEX(StageAreaVolume!$A$6:$A$17,COUNTA(StageAreaVolume!$A$6:$A$17)),INDEX(StageAreaVolume!$B$6:$B$17,COUNTA(StageAreaVolume!$A$6:$A$17)),(INDEX(StageAreaVolume!$B$6:$B$17,MATCH(C8,StageAreaVolume!$A$6:$A$17,1))+(C8-INDEX(StageAreaVolume!$A$6:$A$17,MATCH(C8,StageAreaVolume!$A$6:$A$17,1)))/(INDEX(StageAreaVolume!$A$6:$A$17,MATCH(C8,StageAreaVolume!$A$6:$A$17,1)+1)-INDEX(StageAreaVolume!$A$6:$A$17,MATCH(C8,StageAreaVolume!$A$6:$A$17,1)))*(INDEX(StageAreaVolume!$B$6:$B$17,MATCH(C8,StageAreaVolume!$A$6:$A$17,1)+1)-INDEX(StageAreaVolume!$B$6:$B$17,MATCH(C8,StageAreaVolume!$A$6:$A$17,1))))))))) | I8: =IF(A8="","",IF(C8="","",IF(C8<=INDEX(StageAreaVolume!$A$6:$A$17,1),INDEX(StageAreaVolume!$D$6:$D$17,1),IF(C8>=INDEX(StageAreaVolume!$A$6:$A$17,COUNTA(StageAreaVolume!$A$6:$A$17)),INDEX(StageAreaVolume!$D$6:$D$17,COUNTA(StageAreaVolume!$A$6:$A$17)),(INDEX(StageAreaVolume!$D$6:$D$17,MATCH(C8,StageAreaVolume!$A$6:$A$17,1))+(C8-INDEX(StageAreaVolume!$A$6:$A$17,MATCH(C8,StageAreaVolume!$A$6:$A$17,1)))/(INDEX(StageAreaVolume!$A$6:$A$17,MATCH(C8,StageAreaVolume!$A$6:$A$17,1)+1)-INDEX(StageAreaVolume!$A$6:$A$17,MATCH(C8,StageAreaVolume!$A$6:$A$17,1)))*(INDEX(StageAreaVolume!$D$6:$D$17,MATCH(C8,StageAreaVolume!$A$6:$A$17,1)+1)-INDEX(StageAreaVolume!$D$6:$D$17,MATCH(C8,StageAreaVolume!$A$6:$A$17,1))))))))) | J8: =IF(A8="","",IF(A7="",NA(),C7)) | K8: =IF(OR(A8="",ISNA(J8)),IF(A8="","",H8),(H7+H8)/2) | L8: =IF(OR(A8="",ISNA(J8)),0,IF(AND(B8=0,D8="N",E8="N",C8<J8,C8>0),1,0)) | M8: =IF(L8<>1,"",IF(K8<=0,"",(I7-I8-G8/1000*K8)/K8*1000)) | N8: =IF(A8="","",IF(L8=1,I7-I8-O8,IF(OR(C8>0,N(J8)>0),MeanMDWIR/1000*K8,0))) | O8: =IF(A8="","",G8/1000*K8) | P8: =IF(A8="","",IF(L8=1,"dry",IF(D8="Y","spill",IF(B8>0,"wet",IF(E8="Y","pumped","other"))))) | R8: Difference I1 % | S8: =IF(S7=0,"", (S2-S7)/S7)
A9: =IF(DailyPond!A9="","",DailyPond!A9) | B9: =IF(A9="","",DailyPond!B9) | C9: =IF(A9="","",DailyPond!C9) | D9: =IF(A9="","",DailyPond!D9) | E9: =IF(A9="","",DailyPond!E9) | F9: =IF(A9="","",MONTH(A9)) | G9: =IF(A9="","",VLOOKUP(F9,Evaporation!$A$6:$B$17,2,FALSE)) | H9: =IF(A9="","",IF(C9="","",IF(C9<=INDEX(StageAreaVolume!$A$6:$A$17,1),INDEX(StageAreaVolume!$B$6:$B$17,1),IF(C9>=INDEX(StageAreaVolume!$A$6:$A$17,COUNTA(StageAreaVolume!$A$6:$A$17)),INDEX(StageAreaVolume!$B$6:$B$17,COUNTA(StageAreaVolume!$A$6:$A$17)),(INDEX(StageAreaVolume!$B$6:$B$17,MATCH(C9,StageAreaVolume!$A$6:$A$17,1))+(C9-INDEX(StageAreaVolume!$A$6:$A$17,MATCH(C9,StageAreaVolume!$A$6:$A$17,1)))/(INDEX(StageAreaVolume!$A$6:$A$17,MATCH(C9,StageAreaVolume!$A$6:$A$17,1)+1)-INDEX(StageAreaVolume!$A$6:$A$17,MATCH(C9,StageAreaVolume!$A$6:$A$17,1)))*(INDEX(StageAreaVolume!$B$6:$B$17,MATCH(C9,StageAreaVolume!$A$6:$A$17,1)+1)-INDEX(StageAreaVolume!$B$6:$B$17,MATCH(C9,StageAreaVolume!$A$6:$A$17,1))))))))) | I9: =IF(A9="","",IF(C9="","",IF(C9<=INDEX(StageAreaVolume!$A$6:$A$17,1),INDEX(StageAreaVolume!$D$6:$D$17,1),IF(C9>=INDEX(StageAreaVolume!$A$6:$A$17,COUNTA(StageAreaVolume!$A$6:$A$17)),INDEX(StageAreaVolume!$D$6:$D$17,COUNTA(StageAreaVolume!$A$6:$A$17)),(INDEX(StageAreaVolume!$D$6:$D$17,MATCH(C9,StageAreaVolume!$A$6:$A$17,1))+(C9-INDEX(StageAreaVolume!$A$6:$A$17,MATCH(C9,StageAreaVolume!$A$6:$A$17,1)))/(INDEX(StageAreaVolume!$A$6:$A$17,MATCH(C9,StageAreaVolume!$A$6:$A$17,1)+1)-INDEX(StageAreaVolume!$A$6:$A$17,MATCH(C9,StageAreaVolume!$A$6:$A$17,1)))*(INDEX(StageAreaVolume!$D$6:$D$17,MATCH(C9,StageAreaVolume!$A$6:$A$17,1)+1)-INDEX(StageAreaVolume!$D$6:$D$17,MATCH(C9,StageAreaVolume!$A$6:$A$17,1))))))))) | J9: =IF(A9="","",IF(A8="",NA(),C8)) | K9: =IF(OR(A9="",ISNA(J9)),IF(A9="","",H9),(H8+H9)/2) | L9: =IF(OR(A9="",ISNA(J9)),0,IF(AND(B9=0,D9="N",E9="N",C9<J9,C9>0),1,0)) | M9: =IF(L9<>1,"",IF(K9<=0,"",(I8-I9-G9/1000*K9)/K9*1000)) | N9: =IF(A9="","",IF(L9=1,I8-I9-O9,IF(OR(C9>0,N(J9)>0),MeanMDWIR/1000*K9,0))) | O9: =IF(A9="","",G9/1000*K9) | P9: =IF(A9="","",IF(L9=1,"dry",IF(D9="Y","spill",IF(B9>0,"wet",IF(E9="Y","pumped","other")))))
A10: =IF(DailyPond!A10="","",DailyPond!A10) | B10: =IF(A10="","",DailyPond!B10) | C10: =IF(A10="","",DailyPond!C10) | D10: =IF(A10="","",DailyPond!D10) | E10: =IF(A10="","",DailyPond!E10) | F10: =IF(A10="","",MONTH(A10)) | G10: =IF(A10="","",VLOOKUP(F10,Evaporation!$A$6:$B$17,2,FALSE)) | H10: =IF(A10="","",IF(C10="","",IF(C10<=INDEX(StageAreaVolume!$A$6:$A$17,1),INDEX(StageAreaVolume!$B$6:$B$17,1),IF(C10>=INDEX(StageAreaVolume!$A$6:$A$17,COUNTA(StageAreaVolume!$A$6:$A$17)),INDEX(StageAreaVolume!$B$6:$B$17,COUNTA(StageAreaVolume!$A$6:$A$17)),(INDEX(StageAreaVolume!$B$6:$B$17,MATCH(C10,StageAreaVolume!$A$6:$A$17,1))+(C10-INDEX(StageAreaVolume!$A$6:$A$17,MATCH(C10,StageAreaVolume!$A$6:$A$17,1)))/(INDEX(StageAreaVolume!$A$6:$A$17,MATCH(C10,StageAreaVolume!$A$6:$A$17,1)+1)-INDEX(StageAreaVolume!$A$6:$A$17,MATCH(C10,StageAreaVolume!$A$6:$A$17,1)))*(INDEX(StageAreaVolume!$B$6:$B$17,MATCH(C10,StageAreaVolume!$A$6:$A$17,1)+1)-INDEX(StageAreaVolume!$B$6:$B$17,MATCH(C10,StageAreaVolume!$A$6:$A$17,1))))))))) | I10: =IF(A10="","",IF(C10="","",IF(C10<=INDEX(StageAreaVolume!$A$6:$A$17,1),INDEX(StageAreaVolume!$D$6:$D$17,1),IF(C10>=INDEX(StageAreaVolume!$A$6:$A$17,COUNTA(StageAreaVolume!$A$6:$A$17)),INDEX(StageAreaVolume!$D$6:$D$17,COUNTA(StageAreaVolume!$A$6:$A$17)),(INDEX(StageAreaVolume!$D$6:$D$17,MATCH(C10,StageAreaVolume!$A$6:$A$17,1))+(C10-INDEX(StageAreaVolume!$A$6:$A$17,MATCH(C10,StageAreaVolume!$A$6:$A$17,1)))/(INDEX(StageAreaVolume!$A$6:$A$17,MATCH(C10,StageAreaVolume!$A$6:$A$17,1)+1)-INDEX(StageAreaVolume!$A$6:$A$17,MATCH(C10,StageAreaVolume!$A$6:$A$17,1)))*(INDEX(StageAreaVolume!$D$6:$D$17,MATCH(C10,StageAreaVolume!$A$6:$A$17,1)+1)-INDEX(StageAreaVolume!$D$6:$D$17,MATCH(C10,StageAreaVolume!$A$6:$A$17,1))))))))) | J10: =IF(A10="","",IF(A9="",NA(),C9)) | K10: =IF(OR(A10="",ISNA(J10)),IF(A10="","",H10),(H9+H10)/2) | L10: =IF(OR(A10="",ISNA(J10)),0,IF(AND(B10=0,D10="N",E10="N",C10<J10,C10>0),1,0)) | M10: =IF(L10<>1,"",IF(K10<=0,"",(I9-I10-G10/1000*K10)/K10*1000)) | N10: =IF(A10="","",IF(L10=1,I9-I10-O10,IF(OR(C10>0,N(J10)>0),MeanMDWIR/1000*K10,0))) | O10: =IF(A10="","",G10/1000*K10) | P10: =IF(A10="","",IF(L10=1,"dry",IF(D10="Y","spill",IF(B10>0,"wet",IF(E10="Y","pumped","other")))))
A11: =IF(DailyPond!A11="","",DailyPond!A11) | B11: =IF(A11="","",DailyPond!B11) | C11: =IF(A11="","",DailyPond!C11) | D11: =IF(A11="","",DailyPond!D11) | E11: =IF(A11="","",DailyPond!E11) | F11: =IF(A11="","",MONTH(A11)) | G11: =IF(A11="","",VLOOKUP(F11,Evaporation!$A$6:$B$17,2,FALSE)) | H11: =IF(A11="","",IF(C11="","",IF(C11<=INDEX(StageAreaVolume!$A$6:$A$17,1),INDEX(StageAreaVolume!$B$6:$B$17,1),IF(C11>=INDEX(StageAreaVolume!$A$6:$A$17,COUNTA(StageAreaVolume!$A$6:$A$17)),INDEX(StageAreaVolume!$B$6:$B$17,COUNTA(StageAreaVolume!$A$6:$A$17)),(INDEX(StageAreaVolume!$B$6:$B$17,MATCH(C11,StageAreaVolume!$A$6:$A$17,1))+(C11-INDEX(StageAreaVolume!$A$6:$A$17,MATCH(C11,StageAreaVolume!$A$6:$A$17,1)))/(INDEX(StageAreaVolume!$A$6:$A$17,MATCH(C11,StageAreaVolume!$A$6:$A$17,1)+1)-INDEX(StageAreaVolume!$A$6:$A$17,MATCH(C11,StageAreaVolume!$A$6:$A$17,1)))*(INDEX(StageAreaVolume!$B$6:$B$17,MATCH(C11,StageAreaVolume!$A$6:$A$17,1)+1)-INDEX(StageAreaVolume!$B$6:$B$17,MATCH(C11,StageAreaVolume!$A$6:$A$17,1))))))))) | I11: =IF(A11="","",IF(C11="","",IF(C11<=INDEX(StageAreaVolume!$A$6:$A$17,1),INDEX(StageAreaVolume!$D$6:$D$17,1),IF(C11>=INDEX(StageAreaVolume!$A$6:$A$17,COUNTA(StageAreaVolume!$A$6:$A$17)),INDEX(StageAreaVolume!$D$6:$D$17,COUNTA(StageAreaVolume!$A$6:$A$17)),(INDEX(StageAreaVolume!$D$6:$D$17,MATCH(C11,StageAreaVolume!$A$6:$A$17,1))+(C11-INDEX(StageAreaVolume!$A$6:$A$17,MATCH(C11,StageAreaVolume!$A$6:$A$17,1)))/(INDEX(StageAreaVolume!$A$6:$A$17,MATCH(C11,StageAreaVolume!$A$6:$A$17,1)+1)-INDEX(StageAreaVolume!$A$6:$A$17,MATCH(C11,StageAreaVolume!$A$6:$A$17,1)))*(INDEX(StageAreaVolume!$D$6:$D$17,MATCH(C11,StageAreaVolume!$A$6:$A$17,1)+1)-INDEX(StageAreaVolume!$D$6:$D$17,MATCH(C11,StageAreaVolume!$A$6:$A$17,1))))))))) | J11: =IF(A11="","",IF(A10="",NA(),C10)) | K11: =IF(OR(A11="",ISNA(J11)),IF(A11="","",H11),(H10+H11)/2) | L11: =IF(OR(A11="",ISNA(J11)),0,IF(AND(B11=0,D11="N",E11="N",C11<J11,C11>0),1,0)) | M11: =IF(L11<>1,"",IF(K11<=0,"",(I10-I11-G11/1000*K11)/K11*1000)) | N11: =IF(A11="","",IF(L11=1,I10-I11-O11,IF(OR(C11>0,N(J11)>0),MeanMDWIR/1000*K11,0))) | O11: =IF(A11="","",G11/1000*K11) | P11: =IF(A11="","",IF(L11=1,"dry",IF(D11="Y","spill",IF(B11>0,"wet",IF(E11="Y","pumped","other")))))
A12: =IF(DailyPond!A12="","",DailyPond!A12) | B12: =IF(A12="","",DailyPond!B12) | C12: =IF(A12="","",DailyPond!C12) | D12: =IF(A12="","",DailyPond!D12) | E12: =IF(A12="","",DailyPond!E12) | F12: =IF(A12="","",MONTH(A12)) | G12: =IF(A12="","",VLOOKUP(F12,Evaporation!$A$6:$B$17,2,FALSE)) | H12: =IF(A12="","",IF(C12="","",IF(C12<=INDEX(StageAreaVolume!$A$6:$A$17,1),INDEX(StageAreaVolume!$B$6:$B$17,1),IF(C12>=INDEX(StageAreaVolume!$A$6:$A$17,COUNTA(StageAreaVolume!$A$6:$A$17)),INDEX(StageAreaVolume!$B$6:$B$17,COUNTA(StageAreaVolume!$A$6:$A$17)),(INDEX(StageAreaVolume!$B$6:$B$17,MATCH(C12,StageAreaVolume!$A$6:$A$17,1))+(C12-INDEX(StageAreaVolume!$A$6:$A$17,MATCH(C12,StageAreaVolume!$A$6:$A$17,1)))/(INDEX(StageAreaVolume!$A$6:$A$17,MATCH(C12,StageAreaVolume!$A$6:$A$17,1)+1)-INDEX(StageAreaVolume!$A$6:$A$17,MATCH(C12,StageAreaVolume!$A$6:$A$17,1)))*(INDEX(StageAreaVolume!$B$6:$B$17,MATCH(C12,StageAreaVolume!$A$6:$A$17,1)+1)-INDEX(StageAreaVolume!$B$6:$B$17,MATCH(C12,StageAreaVolume!$A$6:$A$17,1))))))))) | I12: =IF(A12="","",IF(C12="","",IF(C12<=INDEX(StageAreaVolume!$A$6:$A$17,1),INDEX(StageAreaVolume!$D$6:$D$17,1),IF(C12>=INDEX(StageAreaVolume!$A$6:$A$17,COUNTA(StageAreaVolume!$A$6:$A$17)),INDEX(StageAreaVolume!$D$6:$D$17,COUNTA(StageAreaVolume!$A$6:$A$17)),(INDEX(StageAreaVolume!$D$6:$D$17,MATCH(C12,StageAreaVolume!$A$6:$A$17,1))+(C12-INDEX(StageAreaVolume!$A$6:$A$17,MATCH(C12,StageAreaVolume!$A$6:$A$17,1)))/(INDEX(StageAreaVolume!$A$6:$A$17,MATCH(C12,StageAreaVolume!$A$6:$A$17,1)+1)-INDEX(StageAreaVolume!$A$6:$A$17,MATCH(C12,StageAreaVolume!$A$6:$A$17,1)))*(INDEX(StageAreaVolume!$D$6:$D$17,MATCH(C12,StageAreaVolume!$A$6:$A$17,1)+1)-INDEX(StageAreaVolume!$D$6:$D$17,MATCH(C12,StageAreaVolume!$A$6:$A$17,1))))))))) | J12: =IF(A12="","",IF(A11="",NA(),C11)) | K12: =IF(OR(A12="",ISNA(J12)),IF(A12="","",H12),(H11+H12)/2) | L12: =IF(OR(A12="",ISNA(J12)),0,IF(AND(B12=0,D12="N",E12="N",C12<J12,C12>0),1,0)) | M12: =IF(L12<>1,"",IF(K12<=0,"",(I11-I12-G12/1000*K12)/K12*1000)) | N12: =IF(A12="","",IF(L12=1,I11-I12-O12,IF(OR(C12>0,N(J12)>0),MeanMDWIR/1000*K12,0))) | O12: =IF(A12="","",G12/1000*K12) | P12: =IF(A12="","",IF(L12=1,"dry",IF(D12="Y","spill",IF(B12>0,"wet",IF(E12="Y","pumped","other")))))
A13: =IF(DailyPond!A13="","",DailyPond!A13) | B13: =IF(A13="","",DailyPond!B13) | C13: =IF(A13="","",DailyPond!C13) | D13: =IF(A13="","",DailyPond!D13) | E13: =IF(A13="","",DailyPond!E13) | F13: =IF(A13="","",MONTH(A13)) | G13: =IF(A13="","",VLOOKUP(F13,Evaporation!$A$6:$B$17,2,FALSE)) | H13: =IF(A13="","",IF(C13="","",IF(C13<=INDEX(StageAreaVolume!$A$6:$A$17,1),INDEX(StageAreaVolume!$B$6:$B$17,1),IF(C13>=INDEX(StageAreaVolume!$A$6:$A$17,COUNTA(StageAreaVolume!$A$6:$A$17)),INDEX(StageAreaVolume!$B$6:$B$17,COUNTA(StageAreaVolume!$A$6:$A$17)),(INDEX(StageAreaVolume!$B$6:$B$17,MATCH(C13,StageAreaVolume!$A$6:$A$17,1))+(C13-INDEX(StageAreaVolume!$A$6:$A$17,MATCH(C13,StageAreaVolume!$A$6:$A$17,1)))/(INDEX(StageAreaVolume!$A$6:$A$17,MATCH(C13,StageAreaVolume!$A$6:$A$17,1)+1)-INDEX(StageAreaVolume!$A$6:$A$17,MATCH(C13,StageAreaVolume!$A$6:$A$17,1)))*(INDEX(StageAreaVolume!$B$6:$B$17,MATCH(C13,StageAreaVolume!$A$6:$A$17,1)+1)-INDEX(StageAreaVolume!$B$6:$B$17,MATCH(C13,StageAreaVolume!$A$6:$A$17,1))))))))) | I13: =IF(A13="","",IF(C13="","",IF(C13<=INDEX(StageAreaVolume!$A$6:$A$17,1),INDEX(StageAreaVolume!$D$6:$D$17,1),IF(C13>=INDEX(StageAreaVolume!$A$6:$A$17,COUNTA(StageAreaVolume!$A$6:$A$17)),INDEX(StageAreaVolume!$D$6:$D$17,COUNTA(StageAreaVolume!$A$6:$A$17)),(INDEX(StageAreaVolume!$D$6:$D$17,MATCH(C13,StageAreaVolume!$A$6:$A$17,1))+(C13-INDEX(StageAreaVolume!$A$6:$A$17,MATCH(C13,StageAreaVolume!$A$6:$A$17,1)))/(INDEX(StageAreaVolume!$A$6:$A$17,MATCH(C13,StageAreaVolume!$A$6:$A$17,1)+1)-INDEX(StageAreaVolume!$A$6:$A$17,MATCH(C13,StageAreaVolume!$A$6:$A$17,1)))*(INDEX(StageAreaVolume!$D$6:$D$17,MATCH(C13,StageAreaVolume!$A$6:$A$17,1)+1)-INDEX(StageAreaVolume!$D$6:$D$17,MATCH(C13,StageAreaVolume!$A$6:$A$17,1))))))))) | J13: =IF(A13="","",IF(A12="",NA(),C12)) | K13: =IF(OR(A13="",ISNA(J13)),IF(A13="","",H13),(H12+H13)/2) | L13: =IF(OR(A13="",ISNA(J13)),0,IF(AND(B13=0,D13="N",E13="N",C13<J13,C13>0),1,0)) | M13: =IF(L13<>1,"",IF(K13<=0,"",(I12-I13-G13/1000*K13)/K13*1000)) | N13: =IF(A13="","",IF(L13=1,I12-I13-O13,IF(OR(C13>0,N(J13)>0),MeanMDWIR/1000*K13,0))) | O13: =IF(A13="","",G13/1000*K13) | P13: =IF(A13="","",IF(L13=1,"dry",IF(D13="Y","spill",IF(B13>0,"wet",IF(E13="Y","pumped","other")))))
A14: =IF(DailyPond!A14="","",DailyPond!A14) | B14: =IF(A14="","",DailyPond!B14) | C14: =IF(A14="","",DailyPond!C14) | D14: =IF(A14="","",DailyPond!D14) | E14: =IF(A14="","",DailyPond!E14) | F14: =IF(A14="","",MONTH(A14)) | G14: =IF(A14="","",VLOOKUP(F14,Evaporation!$A$6:$B$17,2,FALSE)) | H14: =IF(A14="","",IF(C14="","",IF(C14<=INDEX(StageAreaVolume!$A$6:$A$17,1),INDEX(StageAreaVolume!$B$6:$B$17,1),IF(C14>=INDEX(StageAreaVolume!$A$6:$A$17,COUNTA(StageAreaVolume!$A$6:$A$17)),INDEX(StageAreaVolume!$B$6:$B$17,COUNTA(StageAreaVolume!$A$6:$A$17)),(INDEX(StageAreaVolume!$B$6:$B$17,MATCH(C14,StageAreaVolume!$A$6:$A$17,1))+(C14-INDEX(StageAreaVolume!$A$6:$A$17,MATCH(C14,StageAreaVolume!$A$6:$A$17,1)))/(INDEX(StageAreaVolume!$A$6:$A$17,MATCH(C14,StageAreaVolume!$A$6:$A$17,1)+1)-INDEX(StageAreaVolume!$A$6:$A$17,MATCH(C14,StageAreaVolume!$A$6:$A$17,1)))*(INDEX(StageAreaVolume!$B$6:$B$17,MATCH(C14,StageAreaVolume!$A$6:$A$17,1)+1)-INDEX(StageAreaVolume!$B$6:$B$17,MATCH(C14,StageAreaVolume!$A$6:$A$17,1))))))))) | I14: =IF(A14="","",IF(C14="","",IF(C14<=INDEX(StageAreaVolume!$A$6:$A$17,1),INDEX(StageAreaVolume!$D$6:$D$17,1),IF(C14>=INDEX(StageAreaVolume!$A$6:$A$17,COUNTA(StageAreaVolume!$A$6:$A$17)),INDEX(StageAreaVolume!$D$6:$D$17,COUNTA(StageAreaVolume!$A$6:$A$17)),(INDEX(StageAreaVolume!$D$6:$D$17,MATCH(C14,StageAreaVolume!$A$6:$A$17,1))+(C14-INDEX(StageAreaVolume!$A$6:$A$17,MATCH(C14,StageAreaVolume!$A$6:$A$17,1)))/(INDEX(StageAreaVolume!$A$6:$A$17,MATCH(C14,StageAreaVolume!$A$6:$A$17,1)+1)-INDEX(StageAreaVolume!$A$6:$A$17,MATCH(C14,StageAreaVolume!$A$6:$A$17,1)))*(INDEX(StageAreaVolume!$D$6:$D$17,MATCH(C14,StageAreaVolume!$A$6:$A$17,1)+1)-INDEX(StageAreaVolume!$D$6:$D$17,MATCH(C14,StageAreaVolume!$A$6:$A$17,1))))))))) | J14: =IF(A14="","",IF(A13="",NA(),C13)) | K14: =IF(OR(A14="",ISNA(J14)),IF(A14="","",H14),(H13+H14)/2) | L14: =IF(OR(A14="",ISNA(J14)),0,IF(AND(B14=0,D14="N",E14="N",C14<J14,C14>0),1,0)) | M14: =IF(L14<>1,"",IF(K14<=0,"",(I13-I14-G14/1000*K14)/K14*1000)) | N14: =IF(A14="","",IF(L14=1,I13-I14-O14,IF(OR(C14>0,N(J14)>0),MeanMDWIR/1000*K14,0))) | O14: =IF(A14="","",G14/1000*K14) | P14: =IF(A14="","",IF(L14=1,"dry",IF(D14="Y","spill",IF(B14>0,"wet",IF(E14="Y","pumped","other")))))
A15: =IF(DailyPond!A15="","",DailyPond!A15) | B15: =IF(A15="","",DailyPond!B15) | C15: =IF(A15="","",DailyPond!C15) | D15: =IF(A15="","",DailyPond!D15) | E15: =IF(A15="","",DailyPond!E15) | F15: =IF(A15="","",MONTH(A15)) | G15: =IF(A15="","",VLOOKUP(F15,Evaporation!$A$6:$B$17,2,FALSE)) | H15: =IF(A15="","",IF(C15="","",IF(C15<=INDEX(StageAreaVolume!$A$6:$A$17,1),INDEX(StageAreaVolume!$B$6:$B$17,1),IF(C15>=INDEX(StageAreaVolume!$A$6:$A$17,COUNTA(StageAreaVolume!$A$6:$A$17)),INDEX(StageAreaVolume!$B$6:$B$17,COUNTA(StageAreaVolume!$A$6:$A$17)),(INDEX(StageAreaVolume!$B$6:$B$17,MATCH(C15,StageAreaVolume!$A$6:$A$17,1))+(C15-INDEX(StageAreaVolume!$A$6:$A$17,MATCH(C15,StageAreaVolume!$A$6:$A$17,1)))/(INDEX(StageAreaVolume!$A$6:$A$17,MATCH(C15,StageAreaVolume!$A$6:$A$17,1)+1)-INDEX(StageAreaVolume!$A$6:$A$17,MATCH(C15,StageAreaVolume!$A$6:$A$17,1)))*(INDEX(StageAreaVolume!$B$6:$B$17,MATCH(C15,StageAreaVolume!$A$6:$A$17,1)+1)-INDEX(StageAreaVolume!$B$6:$B$17,MATCH(C15,StageAreaVolume!$A$6:$A$17,1))))))))) | I15: =IF(A15="","",IF(C15="","",IF(C15<=INDEX(StageAreaVolume!$A$6:$A$17,1),INDEX(StageAreaVolume!$D$6:$D$17,1),IF(C15>=INDEX(StageAreaVolume!$A$6:$A$17,COUNTA(StageAreaVolume!$A$6:$A$17)),INDEX(StageAreaVolume!$D$6:$D$17,COUNTA(StageAreaVolume!$A$6:$A$17)),(INDEX(StageAreaVolume!$D$6:$D$17,MATCH(C15,StageAreaVolume!$A$6:$A$17,1))+(C15-INDEX(StageAreaVolume!$A$6:$A$17,MATCH(C15,StageAreaVolume!$A$6:$A$17,1)))/(INDEX(StageAreaVolume!$A$6:$A$17,MATCH(C15,StageAreaVolume!$A$6:$A$17,1)+1)-INDEX(StageAreaVolume!$A$6:$A$17,MATCH(C15,StageAreaVolume!$A$6:$A$17,1)))*(INDEX(StageAreaVolume!$D$6:$D$17,MATCH(C15,StageAreaVolume!$A$6:$A$17,1)+1)-INDEX(StageAreaVolume!$D$6:$D$17,MATCH(C15,StageAreaVolume!$A$6:$A$17,1))))))))) | J15: =IF(A15="","",IF(A14="",NA(),C14)) | K15: =IF(OR(A15="",ISNA(J15)),IF(A15="","",H15),(H14+H15)/2) | L15: =IF(OR(A15="",ISNA(J15)),0,IF(AND(B15=0,D15="N",E15="N",C15<J15,C15>0),1,0)) | M15: =IF(L15<>1,"",IF(K15<=0,"",(I14-I15-G15/1000*K15)/K15*1000)) | N15: =IF(A15="","",IF(L15=1,I14-I15-O15,IF(OR(C15>0,N(J15)>0),MeanMDWIR/1000*K15,0))) | O15: =IF(A15="","",G15/1000*K15) | P15: =IF(A15="","",IF(L15=1,"dry",IF(D15="Y","spill",IF(B15>0,"wet",IF(E15="Y","pumped","other")))))
A16: =IF(DailyPond!A16="","",DailyPond!A16) | B16: =IF(A16="","",DailyPond!B16) | C16: =IF(A16="","",DailyPond!C16) | D16: =IF(A16="","",DailyPond!D16) | E16: =IF(A16="","",DailyPond!E16) | F16: =IF(A16="","",MONTH(A16)) | G16: =IF(A16="","",VLOOKUP(F16,Evaporation!$A$6:$B$17,2,FALSE)) | H16: =IF(A16="","",IF(C16="","",IF(C16<=INDEX(StageAreaVolume!$A$6:$A$17,1),INDEX(StageAreaVolume!$B$6:$B$17,1),IF(C16>=INDEX(StageAreaVolume!$A$6:$A$17,COUNTA(StageAreaVolume!$A$6:$A$17)),INDEX(StageAreaVolume!$B$6:$B$17,COUNTA(StageAreaVolume!$A$6:$A$17)),(INDEX(StageAreaVolume!$B$6:$B$17,MATCH(C16,StageAreaVolume!$A$6:$A$17,1))+(C16-INDEX(StageAreaVolume!$A$6:$A$17,MATCH(C16,StageAreaVolume!$A$6:$A$17,1)))/(INDEX(StageAreaVolume!$A$6:$A$17,MATCH(C16,StageAreaVolume!$A$6:$A$17,1)+1)-INDEX(StageAreaVolume!$A$6:$A$17,MATCH(C16,StageAreaVolume!$A$6:$A$17,1)))*(INDEX(StageAreaVolume!$B$6:$B$17,MATCH(C16,StageAreaVolume!$A$6:$A$17,1)+1)-INDEX(StageAreaVolume!$B$6:$B$17,MATCH(C16,StageAreaVolume!$A$6:$A$17,1))))))))) | I16: =IF(A16="","",IF(C16="","",IF(C16<=INDEX(StageAreaVolume!$A$6:$A$17,1),INDEX(StageAreaVolume!$D$6:$D$17,1),IF(C16>=INDEX(StageAreaVolume!$A$6:$A$17,COUNTA(StageAreaVolume!$A$6:$A$17)),INDEX(StageAreaVolume!$D$6:$D$17,COUNTA(StageAreaVolume!$A$6:$A$17)),(INDEX(StageAreaVolume!$D$6:$D$17,MATCH(C16,StageAreaVolume!$A$6:$A$17,1))+(C16-INDEX(StageAreaVolume!$A$6:$A$17,MATCH(C16,StageAreaVolume!$A$6:$A$17,1)))/(INDEX(StageAreaVolume!$A$6:$A$17,MATCH(C16,StageAreaVolume!$A$6:$A$17,1)+1)-INDEX(StageAreaVolume!$A$6:$A$17,MATCH(C16,StageAreaVolume!$A$6:$A$17,1)))*(INDEX(StageAreaVolume!$D$6:$D$17,MATCH(C16,StageAreaVolume!$A$6:$A$17,1)+1)-INDEX(StageAreaVolume!$D$6:$D$17,MATCH(C16,StageAreaVolume!$A$6:$A$17,1))))))))) | J16: =IF(A16="","",IF(A15="",NA(),C15)) | K16: =IF(OR(A16="",ISNA(J16)),IF(A16="","",H16),(H15+H16)/2) | L16: =IF(OR(A16="",ISNA(J16)),0,IF(AND(B16=0,D16="N",E16="N",C16<J16,C16>0),1,0)) | M16: =IF(L16<>1,"",IF(K16<=0,"",(I15-I16-G16/1000*K16)/K16*1000)) | N16: =IF(A16="","",IF(L16=1,I15-I16-O16,IF(OR(C16>0,N(J16)>0),MeanMDWIR/1000*K16,0))) | O16: =IF(A16="","",G16/1000*K16) | P16: =IF(A16="","",IF(L16=1,"dry",IF(D16="Y","spill",IF(B16>0,"wet",IF(E16="Y","pumped","other")))))
A17: =IF(DailyPond!A17="","",DailyPond!A17) | B17: =IF(A17="","",DailyPond!B17) | C17: =IF(A17="","",DailyPond!C17) | D17: =IF(A17="","",DailyPond!D17) | E17: =IF(A17="","",DailyPond!E17) | F17: =IF(A17="","",MONTH(A17)) | G17: =IF(A17="","",VLOOKUP(F17,Evaporation!$A$6:$B$17,2,FALSE)) | H17: =IF(A17="","",IF(C17="","",IF(C17<=INDEX(StageAreaVolume!$A$6:$A$17,1),INDEX(StageAreaVolume!$B$6:$B$17,1),IF(C17>=INDEX(StageAreaVolume!$A$6:$A$17,COUNTA(StageAreaVolume!$A$6:$A$17)),INDEX(StageAreaVolume!$B$6:$B$17,COUNTA(StageAreaVolume!$A$6:$A$17)),(INDEX(StageAreaVolume!$B$6:$B$17,MATCH(C17,StageAreaVolume!$A$6:$A$17,1))+(C17-INDEX(StageAreaVolume!$A$6:$A$17,MATCH(C17,StageAreaVolume!$A$6:$A$17,1)))/(INDEX(StageAreaVolume!$A$6:$A$17,MATCH(C17,StageAreaVolume!$A$6:$A$17,1)+1)-INDEX(StageAreaVolume!$A$6:$A$17,MATCH(C17,StageAreaVolume!$A$6:$A$17,1)))*(INDEX(StageAreaVolume!$B$6:$B$17,MATCH(C17,StageAreaVolume!$A$6:$A$17,1)+1)-INDEX(StageAreaVolume!$B$6:$B$17,MATCH(C17,StageAreaVolume!$A$6:$A$17,1))))))))) | I17: =IF(A17="","",IF(C17="","",IF(C17<=INDEX(StageAreaVolume!$A$6:$A$17,1),INDEX(StageAreaVolume!$D$6:$D$17,1),IF(C17>=INDEX(StageAreaVolume!$A$6:$A$17,COUNTA(StageAreaVolume!$A$6:$A$17)),INDEX(StageAreaVolume!$D$6:$D$17,COUNTA(StageAreaVolume!$A$6:$A$17)),(INDEX(StageAreaVolume!$D$6:$D$17,MATCH(C17,StageAreaVolume!$A$6:$A$17,1))+(C17-INDEX(StageAreaVolume!$A$6:$A$17,MATCH(C17,StageAreaVolume!$A$6:$A$17,1)))/(INDEX(StageAreaVolume!$A$6:$A$17,MATCH(C17,StageAreaVolume!$A$6:$A$17,1)+1)-INDEX(StageAreaVolume!$A$6:$A$17,MATCH(C17,StageAreaVolume!$A$6:$A$17,1)))*(INDEX(StageAreaVolume!$D$6:$D$17,MATCH(C17,StageAreaVolume!$A$6:$A$17,1)+1)-INDEX(StageAreaVolume!$D$6:$D$17,MATCH(C17,StageAreaVolume!$A$6:$A$17,1))))))))) | J17: =IF(A17="","",IF(A16="",NA(),C16)) | K17: =IF(OR(A17="",ISNA(J17)),IF(A17="","",H17),(H16+H17)/2) | L17: =IF(OR(A17="",ISNA(J17)),0,IF(AND(B17=0,D17="N",E17="N",C17<J17,C17>0),1,0)) | M17: =IF(L17<>1,"",IF(K17<=0,"",(I16-I17-G17/1000*K17)/K17*1000)) | N17: =IF(A17="","",IF(L17=1,I16-I17-O17,IF(OR(C17>0,N(J17)>0),MeanMDWIR/1000*K17,0))) | O17: =IF(A17="","",G17/1000*K17) | P17: =IF(A17="","",IF(L17=1,"dry",IF(D17="Y","spill",IF(B17>0,"wet",IF(E17="Y","pumped","other")))))
A18: =IF(DailyPond!A18="","",DailyPond!A18) | B18: =IF(A18="","",DailyPond!B18) | C18: =IF(A18="","",DailyPond!C18) | D18: =IF(A18="","",DailyPond!D18) | E18: =IF(A18="","",DailyPond!E18) | F18: =IF(A18="","",MONTH(A18)) | G18: =IF(A18="","",VLOOKUP(F18,Evaporation!$A$6:$B$17,2,FALSE)) | H18: =IF(A18="","",IF(C18="","",IF(C18<=INDEX(StageAreaVolume!$A$6:$A$17,1),INDEX(StageAreaVolume!$B$6:$B$17,1),IF(C18>=INDEX(StageAreaVolume!$A$6:$A$17,COUNTA(StageAreaVolume!$A$6:$A$17)),INDEX(StageAreaVolume!$B$6:$B$17,COUNTA(StageAreaVolume!$A$6:$A$17)),(INDEX(StageAreaVolume!$B$6:$B$17,MATCH(C18,StageAreaVolume!$A$6:$A$17,1))+(C18-INDEX(StageAreaVolume!$A$6:$A$17,MATCH(C18,StageAreaVolume!$A$6:$A$17,1)))/(INDEX(StageAreaVolume!$A$6:$A$17,MATCH(C18,StageAreaVolume!$A$6:$A$17,1)+1)-INDEX(StageAreaVolume!$A$6:$A$17,MATCH(C18,StageAreaVolume!$A$6:$A$17,1)))*(INDEX(StageAreaVolume!$B$6:$B$17,MATCH(C18,StageAreaVolume!$A$6:$A$17,1)+1)-INDEX(StageAreaVolume!$B$6:$B$17,MATCH(C18,StageAreaVolume!$A$6:$A$17,1))))))))) | I18: =IF(A18="","",IF(C18="","",IF(C18<=INDEX(StageAreaVolume!$A$6:$A$17,1),INDEX(StageAreaVolume!$D$6:$D$17,1),IF(C18>=INDEX(StageAreaVolume!$A$6:$A$17,COUNTA(StageAreaVolume!$A$6:$A$17)),INDEX(StageAreaVolume!$D$6:$D$17,COUNTA(StageAreaVolume!$A$6:$A$17)),(INDEX(StageAreaVolume!$D$6:$D$17,MATCH(C18,StageAreaVolume!$A$6:$A$17,1))+(C18-INDEX(StageAreaVolume!$A$6:$A$17,MATCH(C18,StageAreaVolume!$A$6:$A$17,1)))/(INDEX(StageAreaVolume!$A$6:$A$17,MATCH(C18,StageAreaVolume!$A$6:$A$17,1)+1)-INDEX(StageAreaVolume!$A$6:$A$17,MATCH(C18,StageAreaVolume!$A$6:$A$17,1)))*(INDEX(StageAreaVolume!$D$6:$D$17,MATCH(C18,StageAreaVolume!$A$6:$A$17,1)+1)-INDEX(StageAreaVolume!$D$6:$D$17,MATCH(C18,StageAreaVolume!$A$6:$A$17,1))))))))) | J18: =IF(A18="","",IF(A17="",NA(),C17)) | K18: =IF(OR(A18="",ISNA(J18)),IF(A18="","",H18),(H17+H18)/2) | L18: =IF(OR(A18="",ISNA(J18)),0,IF(AND(B18=0,D18="N",E18="N",C18<J18,C18>0),1,0)) | M18: =IF(L18<>1,"",IF(K18<=0,"",(I17-I18-G18/1000*K18)/K18*1000)) | N18: =IF(A18="","",IF(L18=1,I17-I18-O18,IF(OR(C18>0,N(J18)>0),MeanMDWIR/1000*K18,0))) | O18: =IF(A18="","",G18/1000*K18) | P18: =IF(A18="","",IF(L18=1,"dry",IF(D18="Y","spill",IF(B18>0,"wet",IF(E18="Y","pumped","other")))))
A19: =IF(DailyPond!A19="","",DailyPond!A19) | B19: =IF(A19="","",DailyPond!B19) | C19: =IF(A19="","",DailyPond!C19) | D19: =IF(A19="","",DailyPond!D19) | E19: =IF(A19="","",DailyPond!E19) | F19: =IF(A19="","",MONTH(A19)) | G19: =IF(A19="","",VLOOKUP(F19,Evaporation!$A$6:$B$17,2,FALSE)) | H19: =IF(A19="","",IF(C19="","",IF(C19<=INDEX(StageAreaVolume!$A$6:$A$17,1),INDEX(StageAreaVolume!$B$6:$B$17,1),IF(C19>=INDEX(StageAreaVolume!$A$6:$A$17,COUNTA(StageAreaVolume!$A$6:$A$17)),INDEX(StageAreaVolume!$B$6:$B$17,COUNTA(StageAreaVolume!$A$6:$A$17)),(INDEX(StageAreaVolume!$B$6:$B$17,MATCH(C19,StageAreaVolume!$A$6:$A$17,1))+(C19-INDEX(StageAreaVolume!$A$6:$A$17,MATCH(C19,StageAreaVolume!$A$6:$A$17,1)))/(INDEX(StageAreaVolume!$A$6:$A$17,MATCH(C19,StageAreaVolume!$A$6:$A$17,1)+1)-INDEX(StageAreaVolume!$A$6:$A$17,MATCH(C19,StageAreaVolume!$A$6:$A$17,1)))*(INDEX(StageAreaVolume!$B$6:$B$17,MATCH(C19,StageAreaVolume!$A$6:$A$17,1)+1)-INDEX(StageAreaVolume!$B$6:$B$17,MATCH(C19,StageAreaVolume!$A$6:$A$17,1))))))))) | I19: =IF(A19="","",IF(C19="","",IF(C19<=INDEX(StageAreaVolume!$A$6:$A$17,1),INDEX(StageAreaVolume!$D$6:$D$17,1),IF(C19>=INDEX(StageAreaVolume!$A$6:$A$17,COUNTA(StageAreaVolume!$A$6:$A$17)),INDEX(StageAreaVolume!$D$6:$D$17,COUNTA(StageAreaVolume!$A$6:$A$17)),(INDEX(StageAreaVolume!$D$6:$D$17,MATCH(C19,StageAreaVolume!$A$6:$A$17,1))+(C19-INDEX(StageAreaVolume!$A$6:$A$17,MATCH(C19,StageAreaVolume!$A$6:$A$17,1)))/(INDEX(StageAreaVolume!$A$6:$A$17,MATCH(C19,StageAreaVolume!$A$6:$A$17,1)+1)-INDEX(StageAreaVolume!$A$6:$A$17,MATCH(C19,StageAreaVolume!$A$6:$A$17,1)))*(INDEX(StageAreaVolume!$D$6:$D$17,MATCH(C19,StageAreaVolume!$A$6:$A$17,1)+1)-INDEX(StageAreaVolume!$D$6:$D$17,MATCH(C19,StageAreaVolume!$A$6:$A$17,1))))))))) | J19: =IF(A19="","",IF(A18="",NA(),C18)) | K19: =IF(OR(A19="",ISNA(J19)),IF(A19="","",H19),(H18+H19)/2) | L19: =IF(OR(A19="",ISNA(J19)),0,IF(AND(B19=0,D19="N",E19="N",C19<J19,C19>0),1,0)) | M19: =IF(L19<>1,"",IF(K19<=0,"",(I18-I19-G19/1000*K19)/K19*1000)) | N19: =IF(A19="","",IF(L19=1,I18-I19-O19,IF(OR(C19>0,N(J19)>0),MeanMDWIR/1000*K19,0))) | O19: =IF(A19="","",G19/1000*K19) | P19: =IF(A19="","",IF(L19=1,"dry",IF(D19="Y","spill",IF(B19>0,"wet",IF(E19="Y","pumped","other")))))
A20: =IF(DailyPond!A20="","",DailyPond!A20) | B20: =IF(A20="","",DailyPond!B20) | C20: =IF(A20="","",DailyPond!C20) | D20: =IF(A20="","",DailyPond!D20) | E20: =IF(A20="","",DailyPond!E20) | F20: =IF(A20="","",MONTH(A20)) | G20: =IF(A20="","",VLOOKUP(F20,Evaporation!$A$6:$B$17,2,FALSE)) | H20: =IF(A20="","",IF(C20="","",IF(C20<=INDEX(StageAreaVolume!$A$6:$A$17,1),INDEX(StageAreaVolume!$B$6:$B$17,1),IF(C20>=INDEX(StageAreaVolume!$A$6:$A$17,COUNTA(StageAreaVolume!$A$6:$A$17)),INDEX(StageAreaVolume!$B$6:$B$17,COUNTA(StageAreaVolume!$A$6:$A$17)),(INDEX(StageAreaVolume!$B$6:$B$17,MATCH(C20,StageAreaVolume!$A$6:$A$17,1))+(C20-INDEX(StageAreaVolume!$A$6:$A$17,MATCH(C20,StageAreaVolume!$A$6:$A$17,1)))/(INDEX(StageAreaVolume!$A$6:$A$17,MATCH(C20,StageAreaVolume!$A$6:$A$17,1)+1)-INDEX(StageAreaVolume!$A$6:$A$17,MATCH(C20,StageAreaVolume!$A$6:$A$17,1)))*(INDEX(StageAreaVolume!$B$6:$B$17,MATCH(C20,StageAreaVolume!$A$6:$A$17,1)+1)-INDEX(StageAreaVolume!$B$6:$B$17,MATCH(C20,StageAreaVolume!$A$6:$A$17,1))))))))) | I20: =IF(A20="","",IF(C20="","",IF(C20<=INDEX(StageAreaVolume!$A$6:$A$17,1),INDEX(StageAreaVolume!$D$6:$D$17,1),IF(C20>=INDEX(StageAreaVolume!$A$6:$A$17,COUNTA(StageAreaVolume!$A$6:$A$17)),INDEX(StageAreaVolume!$D$6:$D$17,COUNTA(StageAreaVolume!$A$6:$A$17)),(INDEX(StageAreaVolume!$D$6:$D$17,MATCH(C20,StageAreaVolume!$A$6:$A$17,1))+(C20-INDEX(StageAreaVolume!$A$6:$A$17,MATCH(C20,StageAreaVolume!$A$6:$A$17,1)))/(INDEX(StageAreaVolume!$A$6:$A$17,MATCH(C20,StageAreaVolume!$A$6:$A$17,1)+1)-INDEX(StageAreaVolume!$A$6:$A$17,MATCH(C20,StageAreaVolume!$A$6:$A$17,1)))*(INDEX(StageAreaVolume!$D$6:$D$17,MATCH(C20,StageAreaVolume!$A$6:$A$17,1)+1)-INDEX(StageAreaVolume!$D$6:$D$17,MATCH(C20,StageAreaVolume!$A$6:$A$17,1))))))))) | J20: =IF(A20="","",IF(A19="",NA(),C19)) | K20: =IF(OR(A20="",ISNA(J20)),IF(A20="","",H20),(H19+H20)/2) | L20: =IF(OR(A20="",ISNA(J20)),0,IF(AND(B20=0,D20="N",E20="N",C20<J20,C20>0),1,0)) | M20: =IF(L20<>1,"",IF(K20<=0,"",(I19-I20-G20/1000*K20)/K20*1000)) | N20: =IF(A20="","",IF(L20=1,I19-I20-O20,IF(OR(C20>0,N(J20)>0),MeanMDWIR/1000*K20,0))) | O20: =IF(A20="","",G20/1000*K20) | P20: =IF(A20="","",IF(L20=1,"dry",IF(D20="Y","spill",IF(B20>0,"wet",IF(E20="Y","pumped","other")))))
... A204: =IF(DailyPond!A204="","",DailyPond!A204) | B204: =IF(A204="","",DailyPond!B204) | C204: =IF(A204="","",DailyPond!C204) | D204: =IF(A204="","",DailyPond!D204) | E204: =IF(A204="","",DailyPond!E204) | F204: =IF(A204="","",MONTH(A204)) | G204: =IF(A204="","",VLOOKUP(F204,Evaporation!$A$6:$B$17,2,FALSE)) | H204: =IF(A204="","",IF(C204="","",IF(C204<=INDEX(StageAreaVolume!$A$6:$A$17,1),INDEX(StageAreaVolume!$B$6:$B$17,1),IF(C204>=INDEX(StageAreaVolume!$A$6:$A$17,COUNTA(StageAreaVolume!$A$6:$A$17)),INDEX(StageAreaVolume!$B$6:$B$17,COUNTA(StageAreaVolume!$A$6:$A$17)),(INDEX(StageAreaVolume!$B$6:$B$17,MATCH(C204,StageAreaVolume!$A$6:$A$17,1))+(C204-INDEX(StageAreaVolume!$A$6:$A$17,MATCH(C204,StageAreaVolume!$A$6:$A$17,1)))/(INDEX(StageAreaVolume!$A$6:$A$17,MATCH(C204,StageAreaVolume!$A$6:$A$17,1)+1)-INDEX(StageAreaVolume!$A$6:$A$17,MATCH(C204,StageAreaVolume!$A$6:$A$17,1)))*(INDEX(StageAreaVolume!$B$6:$B$17,MATCH(C204,StageAreaVolume!$A$6:$A$17,1)+1)-INDEX(StageAreaVolume!$B$6:$B$17,MATCH(C204,StageAreaVolume!$A$6:$A$17,1))))))))) | I204: =IF(A204="","",IF(C204="","",IF(C204<=INDEX(StageAreaVolume!$A$6:$A$17,1),INDEX(StageAreaVolume!$D$6:$D$17,1),IF(C204>=INDEX(StageAreaVolume!$A$6:$A$17,COUNTA(StageAreaVolume!$A$6:$A$17)),INDEX(StageAreaVolume!$D$6:$D$17,COUNTA(StageAreaVolume!$A$6:$A$17)),(INDEX(StageAreaVolume!$D$6:$D$17,MATCH(C204,StageAreaVolume!$A$6:$A$17,1))+(C204-INDEX(StageAreaVolume!$A$6:$A$17,MATCH(C204,StageAreaVolume!$A$6:$A$17,1)))/(INDEX(StageAreaVolume!$A$6:$A$17,MATCH(C204,StageAreaVolume!$A$6:$A$17,1)+1)-INDEX(StageAreaVolume!$A$6:$A$17,MATCH(C204,StageAreaVolume!$A$6:$A$17,1)))*(INDEX(StageAreaVolume!$D$6:$D$17,MATCH(C204,StageAreaVolume!$A$6:$A$17,1)+1)-INDEX(StageAreaVolume!$D$6:$D$17,MATCH(C204,StageAreaVolume!$A$6:$A$17,1))))))))) | J204: =IF(A204="","",IF(A203="",NA(),C203)) | K204: =IF(OR(A204="",ISNA(J204)),IF(A204="","",H204),(H203+H204)/2) | L204: =IF(OR(A204="",ISNA(J204)),0,IF(AND(B204=0,D204="N",E204="N",C204<J204,C204>0),1,0)) | M204: =IF(L204<>1,"",IF(K204<=0,"",(I203-I204-G204/1000*K204)/K204*1000)) | N204: =IF(A204="","",IF(L204=1,I203-I204-O204,IF(OR(C204>0,N(J204)>0),MeanMDWIR/1000*K204,0))) | O204: =IF(A204="","",G204/1000*K204) | P204: =IF(A204="","",IF(L204=1,"dry",IF(D204="Y","spill",IF(B204>0,"wet",IF(E204="Y","pumped","other")))))

Sheet Wells
A1: Wells (Form C) — INPUT + Δh
A2: One row per visit per well. WaterElevation = RimElev_masl − DTW. Seasonal rise for each well is MAX−MIN elevation in this sheet. I4 uses mean rise of W-N and W-M minus mean rise of C.
A4: Date | B4: Well ID | C4: Class (W-N/W-M/W-F/C/KS) | D4: DTW (m) | E4: Rim elev (m asl) | F4: Water elev (m asl) | G4: Pump on (Y/N) | H4: EC (µS/cm) | I4: Notes | K4: Well ID | L4: Class | M4: Min elev | N4: Max elev | O4: Seasonal Δh (m)
A5: 2025-03-01 | B5: W-N1 | C5: W-N | D5: 14.2 | E5: 1012.4 | F5: =IF(D5="","",E5-D5) | G5: N | K5: W-N1 | L5: =IFERROR(INDEX($C$5:$C$204,MATCH(K5,$B$5:$B$204,0)),"") | M5: =IF(K5="","",MINIFS($F$5:$F$204,$B$5:$B$204,K5)) | N5: =IF(K5="","",MAXIFS($F$5:$F$204,$B$5:$B$204,K5)) | O5: =IF(K5="","",N5-M5)
A6: 2025-03-25 | B6: W-N1 | C6: W-N | D6: 12.4 | E6: 1012.4 | F6: =IF(D6="","",E6-D6) | G6: N | K6: W-N2 | L6: =IFERROR(INDEX($C$5:$C$204,MATCH(K6,$B$5:$B$204,0)),"") | M6: =IF(K6="","",MINIFS($F$5:$F$204,$B$5:$B$204,K6)) | N6: =IF(K6="","",MAXIFS($F$5:$F$204,$B$5:$B$204,K6)) | O6: =IF(K6="","",N6-M6)
A7: 2025-04-20 | B7: W-N1 | C7: W-N | D7: 13.1 | E7: 1012.4 | F7: =IF(D7="","",E7-D7) | G7: N | K7: W-M1 | L7: =IFERROR(INDEX($C$5:$C$204,MATCH(K7,$B$5:$B$204,0)),"") | M7: =IF(K7="","",MINIFS($F$5:$F$204,$B$5:$B$204,K7)) | N7: =IF(K7="","",MAXIFS($F$5:$F$204,$B$5:$B$204,K7)) | O7: =IF(K7="","",N7-M7)
A8: 2025-03-01 | B8: W-N2 | C8: W-N | D8: 13.5 | E8: 1011.8 | F8: =IF(D8="","",E8-D8) | G8: N | K8: W-M2 | L8: =IFERROR(INDEX($C$5:$C$204,MATCH(K8,$B$5:$B$204,0)),"") | M8: =IF(K8="","",MINIFS($F$5:$F$204,$B$5:$B$204,K8)) | N8: =IF(K8="","",MAXIFS($F$5:$F$204,$B$5:$B$204,K8)) | O8: =IF(K8="","",N8-M8)
A9: 2025-03-25 | B9: W-N2 | C9: W-N | D9: 11.85 | E9: 1011.8 | F9: =IF(D9="","",E9-D9) | G9: N | K9: W-F1 | L9: =IFERROR(INDEX($C$5:$C$204,MATCH(K9,$B$5:$B$204,0)),"") | M9: =IF(K9="","",MINIFS($F$5:$F$204,$B$5:$B$204,K9)) | N9: =IF(K9="","",MAXIFS($F$5:$F$204,$B$5:$B$204,K9)) | O9: =IF(K9="","",N9-M9)
A10: 2025-04-20 | B10: W-N2 | C10: W-N | D10: 12.55 | E10: 1011.8 | F10: =IF(D10="","",E10-D10) | G10: N | K10: C1 | L10: =IFERROR(INDEX($C$5:$C$204,MATCH(K10,$B$5:$B$204,0)),"") | M10: =IF(K10="","",MINIFS($F$5:$F$204,$B$5:$B$204,K10)) | N10: =IF(K10="","",MAXIFS($F$5:$F$204,$B$5:$B$204,K10)) | O10: =IF(K10="","",N10-M10)
A11: 2025-03-01 | B11: W-M1 | C11: W-M | D11: 16 | E11: 1008.1 | F11: =IF(D11="","",E11-D11) | G11: N | K11: C2 | L11: =IFERROR(INDEX($C$5:$C$204,MATCH(K11,$B$5:$B$204,0)),"") | M11: =IF(K11="","",MINIFS($F$5:$F$204,$B$5:$B$204,K11)) | N11: =IF(K11="","",MAXIFS($F$5:$F$204,$B$5:$B$204,K11)) | O11: =IF(K11="","",N11-M11)
A12: 2025-03-25 | B12: W-M1 | C12: W-M | D12: 14.9 | E12: 1008.1 | F12: =IF(D12="","",E12-D12) | G12: N | K12: KS | L12: =IFERROR(INDEX($C$5:$C$204,MATCH(K12,$B$5:$B$204,0)),"") | M12: =IF(K12="","",MINIFS($F$5:$F$204,$B$5:$B$204,K12)) | N12: =IF(K12="","",MAXIFS($F$5:$F$204,$B$5:$B$204,K12)) | O12: =IF(K12="","",N12-M12)
A13: 2025-04-20 | B13: W-M1 | C13: W-M | D13: 15.4 | E13: 1008.1 | F13: =IF(D13="","",E13-D13) | G13: N
A14: 2025-03-01 | B14: W-M2 | C14: W-M | D14: 17.2 | E14: 1007.4 | F14: =IF(D14="","",E14-D14) | G14: N
A15: 2025-03-25 | B15: W-M2 | C15: W-M | D15: 16.05 | E15: 1007.4 | F15: =IF(D15="","",E15-D15) | G15: N | K15: Mean Δh W-N and W-M (m) | L15: =(SUMIF(L5:L12,"W-N",O5:O12)+SUMIF(L5:L12,"W-M",O5:O12))/(COUNTIF(L5:L12,"W-N")+COUNTIF(L5:L12,"W-M"))
A16: 2025-04-20 | B16: W-M2 | C16: W-M | D16: 16.6 | E16: 1007.4 | F16: =IF(D16="","",E16-D16) | G16: N | K16: Mean Δh control C (m) | L16: =IFERROR(AVERAGEIF(L5:L12,"C",O5:O12),0)
A17: 2025-03-01 | B17: W-F1 | C17: W-F | D17: 22.4 | E17: 1002 | F17: =IF(D17="","",E17-D17) | G17: N | K17: I4 extra rise (m) | L17: =L15-L16
A18: 2025-03-25 | B18: W-F1 | C18: W-F | D18: 21.9 | E18: 1002 | F18: =IF(D18="","",E18-D18) | G18: N | K18: Recharge depth Sy default (mm) | L18: =L17*Site!B15*1000
A19: 2025-04-20 | B19: W-F1 | C19: W-F | D19: 22.2 | E19: 1002 | F19: =IF(D19="","",E19-D19) | G19: N | K19: Recharge depth Sy low (mm) | L19: =L17*Site!B16*1000
A20: 2025-03-01 | B20: C1 | C20: C | D20: 15.1 | E20: 1010.5 | F20: =IF(D20="","",E20-D20) | G20: N | K20: Recharge depth Sy high (mm) | L20: =L17*Site!B17*1000
A21: 2025-03-25 | B21: C1 | C21: C | D21: 14.7 | E21: 1010.5 | F21: =IF(D21="","",E21-D21) | G21: N
A22: 2025-04-20 | B22: C1 | C22: C | D22: 14.95 | E22: 1010.5 | F22: =IF(D22="","",E22-D22) | G22: N | K22: Python check I4 (m) | L22: 1.025
A23: 2025-03-01 | B23: C2 | C23: C | D23: 18.4 | E23: 1006.2 | F23: =IF(D23="","",E23-D23) | G23: N
A24: 2025-03-25 | B24: C2 | C24: C | D24: 18 | E24: 1006.2 | F24: =IF(D24="","",E24-D24) | G24: N
A25: 2025-04-20 | B25: C2 | C25: C | D25: 18.25 | E25: 1006.2 | F25: =IF(D25="","",E25-D25) | G25: N
A26: 2025-03-01 | B26: KS | C26: KS | D26: 11.8 | E26: 1009.7 | F26: =IF(D26="","",E26-D26) | G26: N
A27: 2025-03-25 | B27: KS | C27: KS | D27: 10.5 | E27: 1009.7 | F27: =IF(D27="","",E27-D27) | G27: N
A28: 2025-04-20 | B28: KS | C28: KS | D28: 11.1 | E28: 1009.7 | F28: =IF(D28="","",E28-D28) | G28: N
F29: =IF(D29="","",E29-D29)
F30: =IF(D30="","",E30-D30)
F31: =IF(D31="","",E31-D31)
F32: =IF(D32="","",E32-D32)
F33: =IF(D33="","",E33-D33)
F34: =IF(D34="","",E34-D34)
F35: =IF(D35="","",E35-D35)
F36: =IF(D36="","",E36-D36)
F37: =IF(D37="","",E37-D37)
F38: =IF(D38="","",E38-D38)
F39: =IF(D39="","",E39-D39)
F40: =IF(D40="","",E40-D40)
... F204: =IF(D204="","",E204-D204)

Sheet Karez
A1: Karez outlet (Form C) — INPUT
A2: Weekly (or daily while ponded) discharge at owkura. Q = 0 means dry. Do not enter the tunnel.
A4: Date | B4: Karez name | C4: Q (L/s) | D4: Flowing (1/0) | E4: Control Q (L/s) | F4: Notes | H4: Treated flow days (visits) | I4: =SUM(D5:D104)
A5: 2025-03-01 | B5: Example karez | C5: 0 | D5: =IF(C5="","",IF(C5>0,1,0)) | E5: 0 | H5: Mean Q while flowing (L/s) | I5: =IFERROR(AVERAGEIF(D5:D104,1,C5:C104),0)
A6: 2025-03-08 | B6: Example karez | C6: 0.4 | D6: =IF(C6="","",IF(C6>0,1,0)) | E6: 0 | H6: Control flow days | I6: =COUNTIF(E5:E104,">0")
A7: 2025-03-15 | B7: Example karez | C7: 1.8 | D7: =IF(C7="","",IF(C7>0,1,0)) | E7: 0.2 | H7: I5 extra flow-day visits | I7: =I4-I6
A8: 2025-03-22 | B8: Example karez | C8: 2.4 | D8: =IF(C8="","",IF(C8>0,1,0)) | E8: 0.3 | H8: Note | I8: If visits are weekly, multiply extra visits × 7 for extra days (Summary does this).
A9: 2025-03-29 | B9: Example karez | C9: 2.1 | D9: =IF(C9="","",IF(C9>0,1,0)) | E9: 0.2
A10: 2025-04-05 | B10: Example karez | C10: 1.5 | D10: =IF(C10="","",IF(C10>0,1,0)) | E10: 0.1
A11: 2025-04-12 | B11: Example karez | C11: 0.9 | D11: =IF(C11="","",IF(C11>0,1,0)) | E11: 0
A12: 2025-04-19 | B12: Example karez | C12: 0.3 | D12: =IF(C12="","",IF(C12>0,1,0)) | E12: 0
A13: 2025-04-26 | B13: Example karez | C13: 0 | D13: =IF(C13="","",IF(C13>0,1,0)) | E13: 0
A14: 2025-05-03 | B14: Example karez | C14: 0 | D14: =IF(C14="","",IF(C14>0,1,0)) | E14: 0
D15: =IF(C15="","",IF(C15>0,1,0))
D16: =IF(C16="","",IF(C16>0,1,0))
D17: =IF(C17="","",IF(C17>0,1,0))
D18: =IF(C18="","",IF(C18>0,1,0))
D19: =IF(C19="","",IF(C19>0,1,0))
D20: =IF(C20="","",IF(C20>0,1,0))
D21: =IF(C21="","",IF(C21>0,1,0))
D22: =IF(C22="","",IF(C22>0,1,0))
D23: =IF(C23="","",IF(C23>0,1,0))
D24: =IF(C24="","",IF(C24>0,1,0))
D25: =IF(C25="","",IF(C25>0,1,0))
D26: =IF(C26="","",IF(C26>0,1,0))
... D104: =IF(C104="","",IF(C104>0,1,0))

Sheet Summary
A1: Annual summary — I1 to I5
A2: =CONCATENATE("Dam ",Site!B4," — ",Site!B5," — ",Site!B6)
A4: ID | B4: Indicator | C4: Value | D4: Unit | E4: How it is computed
A5: I1 | B5: Infiltration volume | C5: =DailyCalc!S2 | D5: m³ | E5: Sum of daily infiltration (dry-day storage drop − E, else MDWIR × A)
A6: I2 | B6: Fillings per year | C6: =IF(StageAreaVolume!B20=0,"",C5/StageAreaVolume!B20) | D6: — | E6: I1 / crest storage
A7: I3 | B7: Mean MDWIR | C7: =DailyCalc!S1 | D7: mm/day | E7: Average dry-day infiltration rate
B8: Mean E while ponded | C8: =IFERROR(AVERAGEIF(DailyCalc!C5:C204,">0",DailyCalc!G5:G204),0) | D8: mm/day | E8: Evaporation on days with water
B9: MDWIR / E | C9: =IF(C8=0,"",C7/C8) | D9: — | E9: Healthy gravel beds are often 4–8
A10: I4 | B10: Extra water-table rise vs control | C10: =Wells!L17 | D10: m | E10: Mean Δh of W-N and W-M minus mean Δh of C
B11: Recharge depth (Sy default) | C11: =Wells!L18 | D11: mm | E11: Sy × I4; not a volume
B12: Recharge depth range | C12: =TEXT(Wells!L19,"0.0")&" – "&TEXT(Wells!L20,"0.0") | D12: mm | E12: Sy low to Sy high
A13: I5 | B13: Extra karez flow-day visits | C13: =Karez!I7 | D13: visits | E13: Treated flowing visits − control flowing visits
B14: Extra karez days if weekly | C14: =C13*7 | D14: days | E14: Assumes weekly KO visits
B15: Mean KO discharge while flowing | C15: =Karez!I5 | D15: L/s | E15: Average of Q > 0
B16: Days with water in pond | C16: =DailyCalc!S3 | D16: days | E16: Stage > 0
B17: Dry days used for MDWIR | C17: =DailyCalc!S4 | D17: days | E17: Should be as many as possible
B18: Crest storage | C18: =StageAreaVolume!B20 | D18: m³ | E18: From survey
B19: Catchment rain in DailyPond | C19: =SUM(DailyPond!B5:B204) | D19: mm | E19: Village gauge total for logged days
B20: I1 as depth on catchment | C20: =IF(Site!B14=0,"",C5/(Site!B14*10)) | D20: mm | E20: m³ / (ha × 10) = mm
A23: Workbook vs independent Python check (example dataset only)
A24: Python I1 (m³) | B24: 6365.4187 | C24: Workbook I1 − Python | D24: =C5-B24
A25: Python mean MDWIR (mm/d) | B25: 48.215228 | C25: Workbook MDWIR − Python | D25: =C7-B25
A26: Python I4 (m) | B26: 1.025 | C26: Workbook I4 − Python | D26: =C10-B26
A27: If the example is still loaded, differences should be near zero (interpolation rounding < ~2%). After you replace the example, ignore this block.

Sheet Scorecard
A1: Annual scorecard (copy onto Form D)
A3: Test | B3: Result | C3: Suggested decision
A4: Is MDWIR at least 4 × evaporation? | B4: =IF(Summary!C9>=4,"YES — bed is infiltrating","NO — pond may be evaporating or silted") | C4: If NO: schedule manual desilting this dry season. Do not compact with machinery.
A5: Did treated wells rise > 0.3 m more than control? | B5: =IF(Summary!C10>0.3,"YES — local water table responded","NO — response not detected") | C5: If NO but I1 is large: check new pumps, wait one more year for unsaturated-zone lag, inspect karez.
A6: Did the karez flow more than the control? | B6: =IF(Summary!C13>0,"YES — extra flow visits","NO — no extra karez flow") | C6: If wells rose but karez did not: gallery may be above the water table or collapsed.
A7: Fillings per year | B7: =Summary!C6 | C7: Gujarat/Rajasthan analogues often 1–7. Below 1 in a normal year is poor siting or a clogged bed.
A8: Decision (edit by hand after the committee meeting) | B8: Maintain only — example dataset looks functional
A10: Do not claim regional groundwater recovery from one dam. Report I1–I5 and the map of which wells rose.
